gbifID	datasetKey	occurrenceID	kingdom	phylum	class	order	family	genus	species	infraspecificEpithet	taxonRank	scientificName	verbatimScientificName	verbatimScientificNameAuthorship	countryCode	locality	stateProvince	occurrenceStatus	individualCount	publishingOrgKey	decimalLatitude	decimalLongitude	coordinateUncertaintyInMeters	coordinatePrecision	elevation	elevationAccuracy	depth	depthAccuracy	eventDate	day	month	year	taxonKey	speciesKey	basisOfRecord	institutionCode	collectionCode	catalogNumber	recordNumber	identifiedBy	dateIdentified	license	rightsHolder	recordedBy	typeStatus	establishmentMeans	lastInterpreted	mediaType	issue
5062167395	84b18cce-083a-4464-bee8-25b2083a17cd		Plantae	Tracheophyta	Magnoliopsida	Sapindales	Sapindaceae	Acer	Acer negundo		SPECIES	Acer negundo L.	Acer negundo L.		PL			PRESENT		5480dea7-2a71-409b-a832-cbc5f1b5a2e6	52.406454	16.923098							2013-04-23	23	4	2013	3189866	3189866	PRESERVED_SPECIMEN	AMU	NHC-BOT	POZ-V-0160043				CC_BY_4_0		Naser Grażyna			2026-06-04T22:52:58.951Z		GEODETIC_DATUM_ASSUMED_WGS84;CONTINENT_DERIVED_FROM_COORDINATES;COLLECTION_MATCH_NONE
3478009784	84b18cce-083a-4464-bee8-25b2083a17cd		Plantae	Tracheophyta	Magnoliopsida	Sapindales	Sapindaceae	Acer	Acer negundo		SPECIES	Acer negundo L.	Acer negundo L.		PL			PRESENT		5480dea7-2a71-409b-a832-cbc5f1b5a2e6	51.784402	17.521403							2001-05-05	5	5	2001	3189866	3189866	PRESERVED_SPECIMEN	AMU	NHC-BOT	POZ-V-0143633		Czarna A.		CC_BY_4_0		Czarna A.			2026-06-04T22:53:06.161Z		GEODETIC_DATUM_ASSUMED_WGS84;CONTINENT_DERIVED_FROM_COORDINATES;COLLECTION_MATCH_NONE
3478005741	84b18cce-083a-4464-bee8-25b2083a17cd		Plantae	Tracheophyta	Magnoliopsida	Sapindales	Sapindaceae	Acer	Acer negundo		SPECIES	Acer negundo L.	Acer negundo L.		PL			PRESENT		5480dea7-2a71-409b-a832-cbc5f1b5a2e6	52.504457	17.017823							2010-10-17	17	10	2010	3189866	3189866	PRESERVED_SPECIMEN	AMU	NHC-BOT	POZ-V-0143632		Celka Mikołaj		CC_BY_4_0		Celka Mikołaj			2026-06-04T22:53:06.857Z		GEODETIC_DATUM_ASSUMED_WGS84;CONTINENT_DERIVED_FROM_COORDINATES;COLLECTION_MATCH_NONE
3477950745	84b18cce-083a-4464-bee8-25b2083a17cd		Plantae	Tracheophyta	Magnoliopsida	Sapindales	Sapindaceae	Acer	Acer negundo		SPECIES	Acer negundo L.	Acer negundo L.					PRESENT		5480dea7-2a71-409b-a832-cbc5f1b5a2e6													3189866	3189866	PRESERVED_SPECIMEN	AMU	NHC-BOT	POZ-V-0143644				CC_BY_4_0		s.leg.			2026-06-04T22:52:45.887Z		RECORDED_DATE_INVALID;COLLECTION_MATCH_NONE
3477949745	84b18cce-083a-4464-bee8-25b2083a17cd		Plantae	Tracheophyta	Magnoliopsida	Sapindales	Sapindaceae	Acer	Acer negundo		SPECIES	Acer negundo L.	Acer negundo L.					PRESENT		5480dea7-2a71-409b-a832-cbc5f1b5a2e6													3189866	3189866	PRESERVED_SPECIMEN	AMU	NHC-BOT	POZ-V-0143643				CC_BY_4_0		s.leg.			2026-06-04T22:52:46.089Z		RECORDED_DATE_INVALID;COLLECTION_MATCH_NONE
3477947462	84b18cce-083a-4464-bee8-25b2083a17cd		Plantae	Tracheophyta	Magnoliopsida	Sapindales	Sapindaceae	Acer	Acer negundo		SPECIES	Acer negundo L.	Acer negundo L.		PL			PRESENT		5480dea7-2a71-409b-a832-cbc5f1b5a2e6	52.448165	17.80215							1980			1980	3189866	3189866	PRESERVED_SPECIMEN	AMU	NHC-BOT	POZ-V-0004989		Chmiel J.		CC_BY_4_0		Chmiel J.			2026-06-04T22:52:45.953Z		GEODETIC_DATUM_ASSUMED_WGS84;CONTINENT_DERIVED_FROM_COORDINATES;COLLECTION_MATCH_NONE
3477942437	84b18cce-083a-4464-bee8-25b2083a17cd		Plantae	Tracheophyta	Magnoliopsida	Sapindales	Sapindaceae	Acer	Acer negundo		SPECIES	Acer negundo L.	Acer negundo L.		PL			PRESENT		5480dea7-2a71-409b-a832-cbc5f1b5a2e6	52.448165	17.80215							1979			1979	3189866	3189866	PRESERVED_SPECIMEN	AMU	NHC-BOT	POZ-V-0004988		Chmiel J.		CC_BY_4_0		Chmiel J.			2026-06-04T22:52:45.960Z		GEODETIC_DATUM_ASSUMED_WGS84;CONTINENT_DERIVED_FROM_COORDINATES;COLLECTION_MATCH_NONE
3477941472	84b18cce-083a-4464-bee8-25b2083a17cd		Plantae	Tracheophyta	Magnoliopsida	Sapindales	Sapindaceae	Acer	Acer negundo		SPECIES	Acer negundo L.	Acer negundo L.		PL			PRESENT		5480dea7-2a71-409b-a832-cbc5f1b5a2e6	52.448165	17.80215							1979			1979	3189866	3189866	PRESERVED_SPECIMEN	AMU	NHC-BOT	POZ-V-0004987		Chmiel J.		CC_BY_4_0		Chmiel J.			2026-06-04T22:52:55.930Z		GEODETIC_DATUM_ASSUMED_WGS84;CONTINENT_DERIVED_FROM_COORDINATES;COLLECTION_MATCH_NONE
3477937482	84b18cce-083a-4464-bee8-25b2083a17cd		Plantae	Tracheophyta	Magnoliopsida	Sapindales	Sapindaceae	Acer	Acer negundo		SPECIES	Acer negundo L.	Acer negundo L.		PL			PRESENT		5480dea7-2a71-409b-a832-cbc5f1b5a2e6	53.452585	17.529145							1963-07-28	28	7	1963	3189866	3189866	PRESERVED_SPECIMEN	AMU	NHC-BOT	POZ-V-0004985		Burzyńska K.		CC_BY_4_0		Burzyńska K.			2026-06-04T22:53:06.119Z		GEODETIC_DATUM_ASSUMED_WGS84;CONTINENT_DERIVED_FROM_COORDINATES;COLLECTION_MATCH_NONE
3477932430	84b18cce-083a-4464-bee8-25b2083a17cd		Plantae	Tracheophyta	Magnoliopsida	Sapindales	Sapindaceae	Acer	Acer negundo		SPECIES	Acer negundo L.	Acer negundo L.		PL			PRESENT		5480dea7-2a71-409b-a832-cbc5f1b5a2e6	50.76039	20.76841							1960			1960	3189866	3189866	PRESERVED_SPECIMEN	AMU	NHC-BOT	POZ-V-0004986		Głazek T.		CC_BY_4_0		Głazek T.			2026-06-04T22:52:55.859Z		GEODETIC_DATUM_ASSUMED_WGS84;CONTINENT_DERIVED_FROM_COORDINATES;COLLECTION_MATCH_NONE
3477926920	84b18cce-083a-4464-bee8-25b2083a17cd		Plantae	Tracheophyta	Magnoliopsida	Sapindales	Sapindaceae	Acer	Acer negundo		SPECIES	Acer negundo L.	Acer negundo L.		PL			PRESENT		5480dea7-2a71-409b-a832-cbc5f1b5a2e6	52.406454	16.923098							1999-11-20	20	11	1999	3189866	3189866	PRESERVED_SPECIMEN	AMU	NHC-BOT	POZ-C-0003473		Latowski Karol		CC_BY_4_0		Latowski Karol			2026-06-04T22:52:55.914Z		GEODETIC_DATUM_ASSUMED_WGS84;CONTINENT_DERIVED_FROM_COORDINATES;COLLECTION_MATCH_NONE
3477926189	84b18cce-083a-4464-bee8-25b2083a17cd		Plantae	Tracheophyta	Magnoliopsida	Sapindales	Sapindaceae	Acer	Acer negundo		SPECIES	Acer negundo L.	Acer negundo L.		PL			PRESENT		5480dea7-2a71-409b-a832-cbc5f1b5a2e6	51.837433	17.42145							2002-09-29	29	9	2002	3189866	3189866	HUMAN_OBSERVATION	AMU	NHC-BOT	NOT-V-0265106		Pawłowski Jacek		CC_BY_4_0		Pawłowski Jacek			2026-06-04T22:52:45.845Z		GEODETIC_DATUM_ASSUMED_WGS84;CONTINENT_DERIVED_FROM_COORDINATES
3477912065	84b18cce-083a-4464-bee8-25b2083a17cd		Plantae	Tracheophyta	Magnoliopsida	Sapindales	Sapindaceae	Acer	Acer negundo		SPECIES	Acer negundo L.	Acer negundo L.		PL			PRESENT		5480dea7-2a71-409b-a832-cbc5f1b5a2e6	51.720779	17.510402							2002-08-03	3	8	2002	3189866	3189866	HUMAN_OBSERVATION	AMU	NHC-BOT	NOT-V-0263277		Pawłowski Jacek		CC_BY_4_0		Pawłowski Jacek			2026-06-04T22:52:45.582Z		GEODETIC_DATUM_ASSUMED_WGS84;CONTINENT_DERIVED_FROM_COORDINATES
3477899703	84b18cce-083a-4464-bee8-25b2083a17cd		Plantae	Tracheophyta	Magnoliopsida	Sapindales	Sapindaceae	Acer	Acer negundo		SPECIES	Acer negundo L.	Acer negundo L.		PL			PRESENT		5480dea7-2a71-409b-a832-cbc5f1b5a2e6	51.955123	17.340308							2001-07-15	15	7	2001	3189866	3189866	HUMAN_OBSERVATION	AMU	NHC-BOT	NOT-V-0235791		Pawłowski Jacek		CC_BY_4_0		Pawłowski Jacek			2026-06-04T22:52:55.824Z		GEODETIC_DATUM_ASSUMED_WGS84;CONTINENT_DERIVED_FROM_COORDINATES
3477891457	84b18cce-083a-4464-bee8-25b2083a17cd		Plantae	Tracheophyta	Magnoliopsida	Sapindales	Sapindaceae	Acer	Acer negundo		SPECIES	Acer negundo L.	Acer negundo L.		PL			PRESENT		5480dea7-2a71-409b-a832-cbc5f1b5a2e6	52.365028	16.698941							1934			1934	3189866	3189866	PRESERVED_SPECIMEN	AMU	NHC-BOT	POZ-V-0004983		Krawiec F.		CC_BY_4_0		Krawiec F.			2026-06-04T22:52:45.486Z		GEODETIC_DATUM_ASSUMED_WGS84;CONTINENT_DERIVED_FROM_COORDINATES;COLLECTION_MATCH_NONE
3477890427	84b18cce-083a-4464-bee8-25b2083a17cd		Plantae	Tracheophyta	Magnoliopsida	Sapindales	Sapindaceae	Acer	Acer negundo		SPECIES	Acer negundo L.	Acer negundo L.		PL			PRESENT		5480dea7-2a71-409b-a832-cbc5f1b5a2e6	52.255413	18.262214							1973			1973	3189866	3189866	PRESERVED_SPECIMEN	AMU	NHC-BOT	POZ-V-0004984		Adamiak H.		CC_BY_4_0		Adamiak H.			2026-06-04T22:52:45.542Z		GEODETIC_DATUM_ASSUMED_WGS84;CONTINENT_DERIVED_FROM_COORDINATES;COLLECTION_MATCH_NONE
3477886442	84b18cce-083a-4464-bee8-25b2083a17cd		Plantae	Tracheophyta	Magnoliopsida	Sapindales	Sapindaceae	Acer	Acer negundo		SPECIES	Acer negundo L.	Acer negundo L.		PL			PRESENT		5480dea7-2a71-409b-a832-cbc5f1b5a2e6	52.19297	15.34184							1976			1976	3189866	3189866	PRESERVED_SPECIMEN	AMU	NHC-BOT	POZ-V-0004981		Wołoszyn D.		CC_BY_4_0		Wołoszyn D.			2026-06-04T22:52:55.894Z		GEODETIC_DATUM_ASSUMED_WGS84;CONTINENT_DERIVED_FROM_COORDINATES;COLLECTION_MATCH_NONE
3477885422	84b18cce-083a-4464-bee8-25b2083a17cd		Plantae	Tracheophyta	Magnoliopsida	Sapindales	Sapindaceae	Acer	Acer negundo		SPECIES	Acer negundo L.	Acer negundo L.		PL			PRESENT		5480dea7-2a71-409b-a832-cbc5f1b5a2e6	52.504457	17.017823							1934			1934	3189866	3189866	PRESERVED_SPECIMEN	AMU	NHC-BOT	POZ-V-0004980		Alkiewicz W.		CC_BY_4_0		Alkiewicz W.			2026-06-04T22:52:50.497Z		GEODETIC_DATUM_ASSUMED_WGS84;CONTINENT_DERIVED_FROM_COORDINATES;COLLECTION_MATCH_NONE
3477884411	84b18cce-083a-4464-bee8-25b2083a17cd		Plantae	Tracheophyta	Magnoliopsida	Sapindales	Sapindaceae	Acer	Acer negundo		SPECIES	Acer negundo L.	Acer negundo L.		PL			PRESENT		5480dea7-2a71-409b-a832-cbc5f1b5a2e6	50.76039	20.76841							1974			1974	3189866	3189866	PRESERVED_SPECIMEN	AMU	NHC-BOT	POZ-V-0005026		Mirek Z., Nęcka J.		CC_BY_4_0		Mirek Z., Nęcka J.			2026-06-04T22:53:05.341Z		GEODETIC_DATUM_ASSUMED_WGS84;CONTINENT_DERIVED_FROM_COORDINATES;COLLECTION_MATCH_NONE
3477884409	84b18cce-083a-4464-bee8-25b2083a17cd		Plantae	Tracheophyta	Magnoliopsida	Sapindales	Sapindaceae	Acer	Acer negundo		SPECIES	Acer negundo L.	Acer negundo L.		PL			PRESENT		5480dea7-2a71-409b-a832-cbc5f1b5a2e6	52.504457	17.017823							1934			1934	3189866	3189866	PRESERVED_SPECIMEN	AMU	NHC-BOT	POZ-V-0004982		Alkiewicz W.		CC_BY_4_0		Alkiewicz W.			2026-06-04T22:53:03.057Z		GEODETIC_DATUM_ASSUMED_WGS84;CONTINENT_DERIVED_FROM_COORDINATES;COLLECTION_MATCH_NONE
3477880872	84b18cce-083a-4464-bee8-25b2083a17cd		Plantae	Tracheophyta	Magnoliopsida	Sapindales	Sapindaceae	Acer	Acer negundo		SPECIES	Acer negundo L.	Acer negundo L.		PL			PRESENT		5480dea7-2a71-409b-a832-cbc5f1b5a2e6	52.19297	15.34184							1951-09-18	18	9	1951	3189866	3189866	PRESERVED_SPECIMEN	AMU	NHC-BOT	POZ-C-0003490		Czartoryski A.		CC_BY_4_0		Czartoryski A.			2026-06-04T22:53:05.735Z		GEODETIC_DATUM_ASSUMED_WGS84;CONTINENT_DERIVED_FROM_COORDINATES;COLLECTION_MATCH_NONE
3477880208	84b18cce-083a-4464-bee8-25b2083a17cd		Plantae	Tracheophyta	Magnoliopsida	Sapindales	Sapindaceae	Acer	Acer negundo		SPECIES	Acer negundo L.	Acer negundo L.		PL			PRESENT		5480dea7-2a71-409b-a832-cbc5f1b5a2e6	51.853272	17.628626							2000-06-23	23	6	2000	3189866	3189866	HUMAN_OBSERVATION	AMU	NHC-BOT	NOT-V-0185310		Pawłowski Jacek		CC_BY_4_0		Pawłowski Jacek			2026-06-04T22:53:03.091Z		GEODETIC_DATUM_ASSUMED_WGS84;CONTINENT_DERIVED_FROM_COORDINATES
3477864671	84b18cce-083a-4464-bee8-25b2083a17cd		Plantae	Tracheophyta	Magnoliopsida	Sapindales	Sapindaceae	Acer	Acer negundo		SPECIES	Acer negundo L.	Acer negundo L.		PL			PRESENT		5480dea7-2a71-409b-a832-cbc5f1b5a2e6	51.837433	17.42145							2002-07-13	13	7	2002	3189866	3189866	HUMAN_OBSERVATION	AMU	NHC-BOT	NOT-V-0255452		Pawłowski Jacek		CC_BY_4_0		Pawłowski Jacek			2026-06-04T22:52:55.532Z		GEODETIC_DATUM_ASSUMED_WGS84;CONTINENT_DERIVED_FROM_COORDINATES
3477864612	84b18cce-083a-4464-bee8-25b2083a17cd		Plantae	Tracheophyta	Magnoliopsida	Sapindales	Sapindaceae	Acer	Acer negundo		SPECIES	Acer negundo L.	Acer negundo L.		PL			PRESENT		5480dea7-2a71-409b-a832-cbc5f1b5a2e6	51.720779	17.510402							2002-07-06	6	7	2002	3189866	3189866	HUMAN_OBSERVATION	AMU	NHC-BOT	NOT-V-0254327		Pawłowski Jacek		CC_BY_4_0		Pawłowski Jacek			2026-06-04T22:53:05.427Z		GEODETIC_DATUM_ASSUMED_WGS84;CONTINENT_DERIVED_FROM_COORDINATES
3477859741	84b18cce-083a-4464-bee8-25b2083a17cd		Plantae	Tracheophyta	Magnoliopsida	Sapindales	Sapindaceae	Acer	Acer negundo		SPECIES	Acer negundo L.	Acer negundo L.		PL			PRESENT		5480dea7-2a71-409b-a832-cbc5f1b5a2e6	51.95776	18.23799							2001-07-16	16	7	2001	3189866	3189866	HUMAN_OBSERVATION	AMU	NHC-BOT	NOT-V-0236581		Pawłowski Jacek		CC_BY_4_0		Pawłowski Jacek			2026-06-04T22:52:56.229Z		GEODETIC_DATUM_ASSUMED_WGS84;CONTINENT_DERIVED_FROM_COORDINATES
3477855923	84b18cce-083a-4464-bee8-25b2083a17cd		Plantae	Tracheophyta	Magnoliopsida	Sapindales	Sapindaceae	Acer	Acer negundo		SPECIES	Acer negundo L.	Acer negundo L.		PL			PRESENT		5480dea7-2a71-409b-a832-cbc5f1b5a2e6	51.730749	17.241318							2001-07-27	27	7	2001	3189866	3189866	HUMAN_OBSERVATION	AMU	NHC-BOT	NOT-V-0240212		Pawłowski Jacek		CC_BY_4_0		Pawłowski Jacek			2026-06-04T22:53:02.862Z		GEODETIC_DATUM_ASSUMED_WGS84;CONTINENT_DERIVED_FROM_COORDINATES
3477855122	84b18cce-083a-4464-bee8-25b2083a17cd		Plantae	Tracheophyta	Magnoliopsida	Sapindales	Sapindaceae	Acer	Acer negundo		SPECIES	Acer negundo L.	Acer negundo L.		PL			PRESENT		5480dea7-2a71-409b-a832-cbc5f1b5a2e6	51.730749	17.241318							2001-09-30	30	9	2001	3189866	3189866	HUMAN_OBSERVATION	AMU	NHC-BOT	NOT-V-0244445		Pawłowski Jacek		CC_BY_4_0		Pawłowski Jacek			2026-06-04T22:52:55.266Z		GEODETIC_DATUM_ASSUMED_WGS84;CONTINENT_DERIVED_FROM_COORDINATES
3477833997	84b18cce-083a-4464-bee8-25b2083a17cd		Plantae	Tracheophyta	Magnoliopsida	Sapindales	Sapindaceae	Acer	Acer negundo		SPECIES	Acer negundo L.	Acer negundo L.		PL			PRESENT		5480dea7-2a71-409b-a832-cbc5f1b5a2e6	51.829789	17.062298							2000-07-20	20	7	2000	3189866	3189866	HUMAN_OBSERVATION	AMU	NHC-BOT	NOT-V-0201622		Pawłowski Jacek		CC_BY_4_0		Pawłowski Jacek			2026-06-04T22:52:50.626Z		GEODETIC_DATUM_ASSUMED_WGS84;CONTINENT_DERIVED_FROM_COORDINATES
3477833522	84b18cce-083a-4464-bee8-25b2083a17cd		Plantae	Tracheophyta	Magnoliopsida	Sapindales	Sapindaceae	Acer	Acer negundo		SPECIES	Acer negundo L.	Acer negundo L.		PL			PRESENT		5480dea7-2a71-409b-a832-cbc5f1b5a2e6	51.720779	17.510402							2000-07-03	3	7	2000	3189866	3189866	HUMAN_OBSERVATION	AMU	NHC-BOT	NOT-V-0192092		Pawłowski Jacek		CC_BY_4_0		Pawłowski Jacek			2026-06-04T22:53:05.394Z		GEODETIC_DATUM_ASSUMED_WGS84;CONTINENT_DERIVED_FROM_COORDINATES
3477829110	84b18cce-083a-4464-bee8-25b2083a17cd		Plantae	Tracheophyta	Magnoliopsida	Sapindales	Sapindaceae	Acer	Acer negundo		SPECIES	Acer negundo L.	Acer negundo L.		PL			PRESENT		5480dea7-2a71-409b-a832-cbc5f1b5a2e6	53.06987	18.49042							1994			1994	3189866	3189866	HUMAN_OBSERVATION	AMU	NHC-BOT	NOT-V-0083595		Chmiel J.		CC_BY_4_0		Chmiel J.			2026-06-04T22:52:45.210Z		GEODETIC_DATUM_ASSUMED_WGS84;CONTINENT_DERIVED_FROM_COORDINATES
3477829109	84b18cce-083a-4464-bee8-25b2083a17cd		Plantae	Tracheophyta	Magnoliopsida	Sapindales	Sapindaceae	Acer	Acer negundo		SPECIES	Acer negundo L.	Acer negundo L.		PL			PRESENT		5480dea7-2a71-409b-a832-cbc5f1b5a2e6	53.06987	18.49042							1994			1994	3189866	3189866	HUMAN_OBSERVATION	AMU	NHC-BOT	NOT-V-0083577		Chmiel J.		CC_BY_4_0		Chmiel J.			2026-06-04T22:52:51.326Z		GEODETIC_DATUM_ASSUMED_WGS84;CONTINENT_DERIVED_FROM_COORDINATES
3477829108	84b18cce-083a-4464-bee8-25b2083a17cd		Plantae	Tracheophyta	Magnoliopsida	Sapindales	Sapindaceae	Acer	Acer negundo		SPECIES	Acer negundo L.	Acer negundo L.		PL			PRESENT		5480dea7-2a71-409b-a832-cbc5f1b5a2e6	53.06987	18.49042							1993			1993	3189866	3189866	HUMAN_OBSERVATION	AMU	NHC-BOT	NOT-V-0083559		Chmiel J.		CC_BY_4_0		Chmiel J.			2026-06-04T22:53:05.936Z		GEODETIC_DATUM_ASSUMED_WGS84;CONTINENT_DERIVED_FROM_COORDINATES
3477827130	84b18cce-083a-4464-bee8-25b2083a17cd		Plantae	Tracheophyta	Magnoliopsida	Sapindales	Sapindaceae	Acer	Acer negundo		SPECIES	Acer negundo L.	Acer negundo L.		PL			PRESENT		5480dea7-2a71-409b-a832-cbc5f1b5a2e6	52.472228	18.329995							1993			1993	3189866	3189866	HUMAN_OBSERVATION	AMU	NHC-BOT	NOT-V-0083601		Chmiel J.		CC_BY_4_0		Chmiel J.			2026-06-04T22:52:55.741Z		GEODETIC_DATUM_ASSUMED_WGS84;CONTINENT_DERIVED_FROM_COORDINATES
3477827129	84b18cce-083a-4464-bee8-25b2083a17cd		Plantae	Tracheophyta	Magnoliopsida	Sapindales	Sapindaceae	Acer	Acer negundo		SPECIES	Acer negundo L.	Acer negundo L.		PL			PRESENT		5480dea7-2a71-409b-a832-cbc5f1b5a2e6	52.472228	18.329995							1994			1994	3189866	3189866	HUMAN_OBSERVATION	AMU	NHC-BOT	NOT-V-0083593		Chmiel J.		CC_BY_4_0		Chmiel J.			2026-06-04T22:53:04.158Z		GEODETIC_DATUM_ASSUMED_WGS84;CONTINENT_DERIVED_FROM_COORDINATES
3477827128	84b18cce-083a-4464-bee8-25b2083a17cd		Plantae	Tracheophyta	Magnoliopsida	Sapindales	Sapindaceae	Acer	Acer negundo		SPECIES	Acer negundo L.	Acer negundo L.		PL			PRESENT		5480dea7-2a71-409b-a832-cbc5f1b5a2e6	53.06987	18.49042							1994			1994	3189866	3189866	HUMAN_OBSERVATION	AMU	NHC-BOT	NOT-V-0083575		Chmiel J.		CC_BY_4_0		Chmiel J.			2026-06-04T22:53:04.514Z		GEODETIC_DATUM_ASSUMED_WGS84;CONTINENT_DERIVED_FROM_COORDINATES
3477827127	84b18cce-083a-4464-bee8-25b2083a17cd		Plantae	Tracheophyta	Magnoliopsida	Sapindales	Sapindaceae	Acer	Acer negundo		SPECIES	Acer negundo L.	Acer negundo L.		PL			PRESENT		5480dea7-2a71-409b-a832-cbc5f1b5a2e6	53.06987	18.49042							1993			1993	3189866	3189866	HUMAN_OBSERVATION	AMU	NHC-BOT	NOT-V-0083557		Chmiel J.		CC_BY_4_0		Chmiel J.			2026-06-04T22:52:45.365Z		GEODETIC_DATUM_ASSUMED_WGS84;CONTINENT_DERIVED_FROM_COORDINATES
3477826702	84b18cce-083a-4464-bee8-25b2083a17cd		Plantae	Tracheophyta	Magnoliopsida	Sapindales	Sapindaceae	Acer	Acer negundo		SPECIES	Acer negundo L.	Acer negundo L.		PL			PRESENT		5480dea7-2a71-409b-a832-cbc5f1b5a2e6	53.89007	16.2759							1972			1972	3189866	3189866	HUMAN_OBSERVATION	AMU	NHC-BOT	NOT-V-0075097		Pytlak		CC_BY_4_0		Pytlak			2026-06-04T22:52:55.437Z		GEODETIC_DATUM_ASSUMED_WGS84;CONTINENT_DERIVED_FROM_COORDINATES
3477822100	84b18cce-083a-4464-bee8-25b2083a17cd		Plantae	Tracheophyta	Magnoliopsida	Sapindales	Sapindaceae	Acer	Acer negundo		SPECIES	Acer negundo L.	Acer negundo L.		PL			PRESENT		5480dea7-2a71-409b-a832-cbc5f1b5a2e6	52.472228	18.329995							1994			1994	3189866	3189866	HUMAN_OBSERVATION	AMU	NHC-BOT	NOT-V-0083602		Chmiel J.		CC_BY_4_0		Chmiel J.			2026-06-04T22:53:05.264Z		GEODETIC_DATUM_ASSUMED_WGS84;CONTINENT_DERIVED_FROM_COORDINATES
3477822099	84b18cce-083a-4464-bee8-25b2083a17cd		Plantae	Tracheophyta	Magnoliopsida	Sapindales	Sapindaceae	Acer	Acer negundo		SPECIES	Acer negundo L.	Acer negundo L.		PL			PRESENT		5480dea7-2a71-409b-a832-cbc5f1b5a2e6	53.06987	18.49042							1994			1994	3189866	3189866	HUMAN_OBSERVATION	AMU	NHC-BOT	NOT-V-0083594		Chmiel J.		CC_BY_4_0		Chmiel J.			2026-06-04T22:52:44.975Z		GEODETIC_DATUM_ASSUMED_WGS84;CONTINENT_DERIVED_FROM_COORDINATES
3477822098	84b18cce-083a-4464-bee8-25b2083a17cd		Plantae	Tracheophyta	Magnoliopsida	Sapindales	Sapindaceae	Acer	Acer negundo		SPECIES	Acer negundo L.	Acer negundo L.		PL			PRESENT		5480dea7-2a71-409b-a832-cbc5f1b5a2e6	53.06987	18.49042							1994			1994	3189866	3189866	HUMAN_OBSERVATION	AMU	NHC-BOT	NOT-V-0083576		Chmiel J.		CC_BY_4_0		Chmiel J.			2026-06-04T22:52:45.003Z		GEODETIC_DATUM_ASSUMED_WGS84;CONTINENT_DERIVED_FROM_COORDINATES
3477822097	84b18cce-083a-4464-bee8-25b2083a17cd		Plantae	Tracheophyta	Magnoliopsida	Sapindales	Sapindaceae	Acer	Acer negundo		SPECIES	Acer negundo L.	Acer negundo L.		PL			PRESENT		5480dea7-2a71-409b-a832-cbc5f1b5a2e6	53.06987	18.49042							1993			1993	3189866	3189866	HUMAN_OBSERVATION	AMU	NHC-BOT	NOT-V-0083558		Chmiel J.		CC_BY_4_0		Chmiel J.			2026-06-04T22:53:04.961Z		GEODETIC_DATUM_ASSUMED_WGS84;CONTINENT_DERIVED_FROM_COORDINATES
3477821135	84b18cce-083a-4464-bee8-25b2083a17cd		Plantae	Tracheophyta	Magnoliopsida	Sapindales	Sapindaceae	Acer	Acer negundo		SPECIES	Acer negundo L.	Acer negundo L.		PL			PRESENT		5480dea7-2a71-409b-a832-cbc5f1b5a2e6	53.06987	18.49042							1995			1995	3189866	3189866	HUMAN_OBSERVATION	AMU	NHC-BOT	NOT-V-0083591		Chmiel J.		CC_BY_4_0		Chmiel J.			2026-06-04T22:53:03.079Z		GEODETIC_DATUM_ASSUMED_WGS84;CONTINENT_DERIVED_FROM_COORDINATES
3477821134	84b18cce-083a-4464-bee8-25b2083a17cd		Plantae	Tracheophyta	Magnoliopsida	Sapindales	Sapindaceae	Acer	Acer negundo		SPECIES	Acer negundo L.	Acer negundo L.		PL			PRESENT		5480dea7-2a71-409b-a832-cbc5f1b5a2e6	53.06987	18.49042							1996			1996	3189866	3189866	HUMAN_OBSERVATION	AMU	NHC-BOT	NOT-V-0083573		Chmiel J.		CC_BY_4_0		Chmiel J.			2026-06-04T22:52:45.239Z		GEODETIC_DATUM_ASSUMED_WGS84;CONTINENT_DERIVED_FROM_COORDINATES
3477821133	84b18cce-083a-4464-bee8-25b2083a17cd		Plantae	Tracheophyta	Magnoliopsida	Sapindales	Sapindaceae	Acer	Acer negundo		SPECIES	Acer negundo L.	Acer negundo L.		PL			PRESENT		5480dea7-2a71-409b-a832-cbc5f1b5a2e6	53.06987	18.49042							1993			1993	3189866	3189866	HUMAN_OBSERVATION	AMU	NHC-BOT	NOT-V-0083555		Chmiel J.		CC_BY_4_0		Chmiel J.			2026-06-04T22:53:04.912Z		GEODETIC_DATUM_ASSUMED_WGS84;CONTINENT_DERIVED_FROM_COORDINATES
3477820650	84b18cce-083a-4464-bee8-25b2083a17cd		Plantae	Tracheophyta	Magnoliopsida	Sapindales	Sapindaceae	Acer	Acer negundo		SPECIES	Acer negundo L.	Acer negundo L.		PL			PRESENT		5480dea7-2a71-409b-a832-cbc5f1b5a2e6	52.406454	16.923098							2000			2000	3189866	3189866	HUMAN_OBSERVATION	AMU	NHC-BOT	NOT-V-0073835		Wysocki A.		CC_BY_4_0		Wysocki A.			2026-06-04T22:52:56.069Z		GEODETIC_DATUM_ASSUMED_WGS84;CONTINENT_DERIVED_FROM_COORDINATES
3477810089	84b18cce-083a-4464-bee8-25b2083a17cd		Plantae	Tracheophyta	Magnoliopsida	Sapindales	Sapindaceae	Acer	Acer negundo		SPECIES	Acer negundo L.	Acer negundo L.		PL			PRESENT		5480dea7-2a71-409b-a832-cbc5f1b5a2e6	52.472228	18.329995							1993			1993	3189866	3189866	HUMAN_OBSERVATION	AMU	NHC-BOT	NOT-V-0083600		Chmiel J.		CC_BY_4_0		Chmiel J.			2026-06-04T22:52:55.371Z		GEODETIC_DATUM_ASSUMED_WGS84;CONTINENT_DERIVED_FROM_COORDINATES
3477810088	84b18cce-083a-4464-bee8-25b2083a17cd		Plantae	Tracheophyta	Magnoliopsida	Sapindales	Sapindaceae	Acer	Acer negundo		SPECIES	Acer negundo L.	Acer negundo L.		PL			PRESENT		5480dea7-2a71-409b-a832-cbc5f1b5a2e6	52.472228	18.329995							1994			1994	3189866	3189866	HUMAN_OBSERVATION	AMU	NHC-BOT	NOT-V-0083592		Chmiel J.		CC_BY_4_0		Chmiel J.			2026-06-04T22:53:03.360Z		GEODETIC_DATUM_ASSUMED_WGS84;CONTINENT_DERIVED_FROM_COORDINATES
3477810087	84b18cce-083a-4464-bee8-25b2083a17cd		Plantae	Tracheophyta	Magnoliopsida	Sapindales	Sapindaceae	Acer	Acer negundo		SPECIES	Acer negundo L.	Acer negundo L.		PL			PRESENT		5480dea7-2a71-409b-a832-cbc5f1b5a2e6	53.06987	18.49042							1996			1996	3189866	3189866	HUMAN_OBSERVATION	AMU	NHC-BOT	NOT-V-0083574		Chmiel J.		CC_BY_4_0		Chmiel J.			2026-06-04T22:52:45.362Z		GEODETIC_DATUM_ASSUMED_WGS84;CONTINENT_DERIVED_FROM_COORDINATES
3477810086	84b18cce-083a-4464-bee8-25b2083a17cd		Plantae	Tracheophyta	Magnoliopsida	Sapindales	Sapindaceae	Acer	Acer negundo		SPECIES	Acer negundo L.	Acer negundo L.		PL			PRESENT		5480dea7-2a71-409b-a832-cbc5f1b5a2e6	53.06987	18.49042							1993			1993	3189866	3189866	HUMAN_OBSERVATION	AMU	NHC-BOT	NOT-V-0083556		Chmiel J.		CC_BY_4_0		Chmiel J.			2026-06-04T22:53:04.666Z		GEODETIC_DATUM_ASSUMED_WGS84;CONTINENT_DERIVED_FROM_COORDINATES
3477809666	84b18cce-083a-4464-bee8-25b2083a17cd		Plantae	Tracheophyta	Magnoliopsida	Sapindales	Sapindaceae	Acer	Acer negundo		SPECIES	Acer negundo L.	Acer negundo L.		PL			PRESENT		5480dea7-2a71-409b-a832-cbc5f1b5a2e6	53.89007	16.2759							1960			1960	3189866	3189866	HUMAN_OBSERVATION	AMU	NHC-BOT	NOT-V-0075096		Żukowski W.		CC_BY_4_0		Żukowski W.			2026-06-04T22:52:45.278Z		GEODETIC_DATUM_ASSUMED_WGS84;CONTINENT_DERIVED_FROM_COORDINATES
3477774934	84b18cce-083a-4464-bee8-25b2083a17cd		Plantae	Tracheophyta	Magnoliopsida	Sapindales	Sapindaceae	Acer	Acer negundo		SPECIES	Acer negundo L.	Acer negundo L.		PL			PRESENT		5480dea7-2a71-409b-a832-cbc5f1b5a2e6	53.06987	18.49042							2005			2005	3189866	3189866	HUMAN_OBSERVATION	AMU	NHC-BOT	NOT-V-0000008		Chmiel J.		CC_BY_4_0		Chmiel J.			2026-06-04T22:52:45.179Z		GEODETIC_DATUM_ASSUMED_WGS84;CONTINENT_DERIVED_FROM_COORDINATES
3477770906	84b18cce-083a-4464-bee8-25b2083a17cd		Plantae	Tracheophyta	Magnoliopsida	Sapindales	Sapindaceae	Acer	Acer negundo		SPECIES	Acer negundo L.	Acer negundo L.		PL			PRESENT		5480dea7-2a71-409b-a832-cbc5f1b5a2e6	53.06987	18.49042							2005			2005	3189866	3189866	HUMAN_OBSERVATION	AMU	NHC-BOT	NOT-V-0000009		Chmiel J.		CC_BY_4_0		Chmiel J.			2026-06-04T22:52:50.375Z		GEODETIC_DATUM_ASSUMED_WGS84;CONTINENT_DERIVED_FROM_COORDINATES
3477769120	84b18cce-083a-4464-bee8-25b2083a17cd		Plantae	Tracheophyta	Magnoliopsida	Sapindales	Sapindaceae	Acer	Acer negundo		SPECIES	Acer negundo L.	Acer negundo L.		PL			PRESENT		5480dea7-2a71-409b-a832-cbc5f1b5a2e6	53.06987	18.49042							1996			1996	3189866	3189866	HUMAN_OBSERVATION	AMU	NHC-BOT	NOT-V-0083571		Chmiel J.		CC_BY_4_0		Chmiel J.			2026-06-04T22:52:45.147Z		GEODETIC_DATUM_ASSUMED_WGS84;CONTINENT_DERIVED_FROM_COORDINATES
3477769119	84b18cce-083a-4464-bee8-25b2083a17cd		Plantae	Tracheophyta	Magnoliopsida	Sapindales	Sapindaceae	Acer	Acer negundo		SPECIES	Acer negundo L.	Acer negundo L.		PL			PRESENT		5480dea7-2a71-409b-a832-cbc5f1b5a2e6	53.06987	18.49042							1993			1993	3189866	3189866	HUMAN_OBSERVATION	AMU	NHC-BOT	NOT-V-0083553		Chmiel J.		CC_BY_4_0		Chmiel J.			2026-06-04T22:52:55.325Z		GEODETIC_DATUM_ASSUMED_WGS84;CONTINENT_DERIVED_FROM_COORDINATES
3477768635	84b18cce-083a-4464-bee8-25b2083a17cd		Plantae	Tracheophyta	Magnoliopsida	Sapindales	Sapindaceae	Acer	Acer negundo		SPECIES	Acer negundo L.	Acer negundo L.		PL			PRESENT		5480dea7-2a71-409b-a832-cbc5f1b5a2e6	52.406454	16.923098							2000			2000	3189866	3189866	HUMAN_OBSERVATION	AMU	NHC-BOT	NOT-V-0073833		Wysocki A.		CC_BY_4_0		Wysocki A.			2026-06-04T22:53:02.789Z		GEODETIC_DATUM_ASSUMED_WGS84;CONTINENT_DERIVED_FROM_COORDINATES
3477767084	84b18cce-083a-4464-bee8-25b2083a17cd		Plantae	Tracheophyta	Magnoliopsida	Sapindales	Sapindaceae	Acer	Acer negundo		SPECIES	Acer negundo L.	Acer negundo L.		PL			PRESENT		5480dea7-2a71-409b-a832-cbc5f1b5a2e6	53.06987	18.49042							1994			1994	3189866	3189866	HUMAN_OBSERVATION	AMU	NHC-BOT	NOT-V-0083590		Chmiel J.		CC_BY_4_0		Chmiel J.			2026-06-04T22:53:05.855Z		GEODETIC_DATUM_ASSUMED_WGS84;CONTINENT_DERIVED_FROM_COORDINATES
3477767083	84b18cce-083a-4464-bee8-25b2083a17cd		Plantae	Tracheophyta	Magnoliopsida	Sapindales	Sapindaceae	Acer	Acer negundo		SPECIES	Acer negundo L.	Acer negundo L.		PL			PRESENT		5480dea7-2a71-409b-a832-cbc5f1b5a2e6	53.06987	18.49042							1996			1996	3189866	3189866	HUMAN_OBSERVATION	AMU	NHC-BOT	NOT-V-0083572		Chmiel J.		CC_BY_4_0		Chmiel J.			2026-06-04T22:52:50.467Z		GEODETIC_DATUM_ASSUMED_WGS84;CONTINENT_DERIVED_FROM_COORDINATES
3477767082	84b18cce-083a-4464-bee8-25b2083a17cd		Plantae	Tracheophyta	Magnoliopsida	Sapindales	Sapindaceae	Acer	Acer negundo		SPECIES	Acer negundo L.	Acer negundo L.		PL			PRESENT		5480dea7-2a71-409b-a832-cbc5f1b5a2e6	53.06987	18.49042							1993			1993	3189866	3189866	HUMAN_OBSERVATION	AMU	NHC-BOT	NOT-V-0083554		Chmiel J.		CC_BY_4_0		Chmiel J.			2026-06-04T22:53:04.546Z		GEODETIC_DATUM_ASSUMED_WGS84;CONTINENT_DERIVED_FROM_COORDINATES
3477766601	84b18cce-083a-4464-bee8-25b2083a17cd		Plantae	Tracheophyta	Magnoliopsida	Sapindales	Sapindaceae	Acer	Acer negundo		SPECIES	Acer negundo L.	Acer negundo L.		PL			PRESENT		5480dea7-2a71-409b-a832-cbc5f1b5a2e6	52.406454	16.923098							2000			2000	3189866	3189866	HUMAN_OBSERVATION	AMU	NHC-BOT	NOT-V-0073834		Wysocki A.		CC_BY_4_0		Wysocki A.			2026-06-04T22:53:05.232Z		GEODETIC_DATUM_ASSUMED_WGS84;CONTINENT_DERIVED_FROM_COORDINATES
3477762105	84b18cce-083a-4464-bee8-25b2083a17cd		Plantae	Tracheophyta	Magnoliopsida	Sapindales	Sapindaceae	Acer	Acer negundo		SPECIES	Acer negundo L.	Acer negundo L.		PL			PRESENT		5480dea7-2a71-409b-a832-cbc5f1b5a2e6	52.472228	18.329995							1993			1993	3189866	3189866	HUMAN_OBSERVATION	AMU	NHC-BOT	NOT-V-0083588		Chmiel J.		CC_BY_4_0		Chmiel J.			2026-06-04T22:52:55.723Z		GEODETIC_DATUM_ASSUMED_WGS84;CONTINENT_DERIVED_FROM_COORDINATES
3477762104	84b18cce-083a-4464-bee8-25b2083a17cd		Plantae	Tracheophyta	Magnoliopsida	Sapindales	Sapindaceae	Acer	Acer negundo		SPECIES	Acer negundo L.	Acer negundo L.		PL			PRESENT		5480dea7-2a71-409b-a832-cbc5f1b5a2e6	53.06987	18.49042							1993			1993	3189866	3189866	HUMAN_OBSERVATION	AMU	NHC-BOT	NOT-V-0083551		Chmiel J.		CC_BY_4_0		Chmiel J.			2026-06-04T22:53:05.535Z		GEODETIC_DATUM_ASSUMED_WGS84;CONTINENT_DERIVED_FROM_COORDINATES
3477759075	84b18cce-083a-4464-bee8-25b2083a17cd		Plantae	Tracheophyta	Magnoliopsida	Sapindales	Sapindaceae	Acer	Acer negundo		SPECIES	Acer negundo L.	Acer negundo L.		PL			PRESENT		5480dea7-2a71-409b-a832-cbc5f1b5a2e6	53.06987	18.49042							1994			1994	3189866	3189866	HUMAN_OBSERVATION	AMU	NHC-BOT	NOT-V-0083589		Chmiel J.		CC_BY_4_0		Chmiel J.			2026-06-04T22:52:50.218Z		GEODETIC_DATUM_ASSUMED_WGS84;CONTINENT_DERIVED_FROM_COORDINATES
3477759074	84b18cce-083a-4464-bee8-25b2083a17cd		Plantae	Tracheophyta	Magnoliopsida	Sapindales	Sapindaceae	Acer	Acer negundo		SPECIES	Acer negundo L.	Acer negundo L.		PL			PRESENT		5480dea7-2a71-409b-a832-cbc5f1b5a2e6	53.06987	18.49042							1995			1995	3189866	3189866	HUMAN_OBSERVATION	AMU	NHC-BOT	NOT-V-0083570		Chmiel J.		CC_BY_4_0		Chmiel J.			2026-06-04T22:52:55.551Z		GEODETIC_DATUM_ASSUMED_WGS84;CONTINENT_DERIVED_FROM_COORDINATES
3477759073	84b18cce-083a-4464-bee8-25b2083a17cd		Plantae	Tracheophyta	Magnoliopsida	Sapindales	Sapindaceae	Acer	Acer negundo		SPECIES	Acer negundo L.	Acer negundo L.		PL			PRESENT		5480dea7-2a71-409b-a832-cbc5f1b5a2e6	53.06987	18.49042							1993			1993	3189866	3189866	HUMAN_OBSERVATION	AMU	NHC-BOT	NOT-V-0083552		Chmiel J.		CC_BY_4_0		Chmiel J.			2026-06-04T22:53:05.844Z		GEODETIC_DATUM_ASSUMED_WGS84;CONTINENT_DERIVED_FROM_COORDINATES
3477758588	84b18cce-083a-4464-bee8-25b2083a17cd		Plantae	Tracheophyta	Magnoliopsida	Sapindales	Sapindaceae	Acer	Acer negundo		SPECIES	Acer negundo L.	Acer negundo L.		PL			PRESENT		5480dea7-2a71-409b-a832-cbc5f1b5a2e6	52.406454	16.923098							2000			2000	3189866	3189866	HUMAN_OBSERVATION	AMU	NHC-BOT	NOT-V-0073832		Wysocki A.		CC_BY_4_0		Wysocki A.			2026-06-04T22:53:04.745Z		GEODETIC_DATUM_ASSUMED_WGS84;CONTINENT_DERIVED_FROM_COORDINATES
3477758087	84b18cce-083a-4464-bee8-25b2083a17cd		Plantae	Tracheophyta	Magnoliopsida	Sapindales	Sapindaceae	Acer	Acer negundo		SPECIES	Acer negundo L.	Acer negundo L.		PL			PRESENT		5480dea7-2a71-409b-a832-cbc5f1b5a2e6	52.472228	18.329995							1994			1994	3189866	3189866	HUMAN_OBSERVATION	AMU	NHC-BOT	NOT-V-0083587		Chmiel J.		CC_BY_4_0		Chmiel J.			2026-06-04T22:52:55.273Z		GEODETIC_DATUM_ASSUMED_WGS84;CONTINENT_DERIVED_FROM_COORDINATES
3477758086	84b18cce-083a-4464-bee8-25b2083a17cd		Plantae	Tracheophyta	Magnoliopsida	Sapindales	Sapindaceae	Acer	Acer negundo		SPECIES	Acer negundo L.	Acer negundo L.		PL			PRESENT		5480dea7-2a71-409b-a832-cbc5f1b5a2e6	53.06987	18.49042							1996			1996	3189866	3189866	HUMAN_OBSERVATION	AMU	NHC-BOT	NOT-V-0083569		Chmiel J.		CC_BY_4_0		Chmiel J.			2026-06-04T22:53:05.172Z		GEODETIC_DATUM_ASSUMED_WGS84;CONTINENT_DERIVED_FROM_COORDINATES
3477758085	84b18cce-083a-4464-bee8-25b2083a17cd		Plantae	Tracheophyta	Magnoliopsida	Sapindales	Sapindaceae	Acer	Acer negundo		SPECIES	Acer negundo L.	Acer negundo L.		PL			PRESENT		5480dea7-2a71-409b-a832-cbc5f1b5a2e6	53.06987	18.49042							1993			1993	3189866	3189866	HUMAN_OBSERVATION	AMU	NHC-BOT	NOT-V-0083550		Chmiel J.		CC_BY_4_0		Chmiel J.			2026-06-04T22:53:03.689Z		GEODETIC_DATUM_ASSUMED_WGS84;CONTINENT_DERIVED_FROM_COORDINATES
3477755909	84b18cce-083a-4464-bee8-25b2083a17cd		Plantae	Tracheophyta	Magnoliopsida	Sapindales	Sapindaceae	Acer	Acer negundo		SPECIES	Acer negundo L.	Acer negundo L.		PL			PRESENT		5480dea7-2a71-409b-a832-cbc5f1b5a2e6	53.06987	18.49042							2013			2013	3189866	3189866	HUMAN_OBSERVATION	AMU	NHC-BOT	NOT-V-0000007		Chmiel J.		CC_BY_4_0		Chmiel J.			2026-06-04T22:53:02.676Z		GEODETIC_DATUM_ASSUMED_WGS84;CONTINENT_DERIVED_FROM_COORDINATES
3477739939	84b18cce-083a-4464-bee8-25b2083a17cd		Plantae	Tracheophyta	Magnoliopsida	Sapindales	Sapindaceae	Acer	Acer negundo		SPECIES	Acer negundo L.	Acer negundo L.		PL			PRESENT		5480dea7-2a71-409b-a832-cbc5f1b5a2e6	53.06987	18.49042							1994-08-22	22	8	1994	3189866	3189866	HUMAN_OBSERVATION	AMU	NHC-BOT	NOT-V-0039910		Celka Z.		CC_BY_4_0		Celka Z.			2026-06-04T22:52:44.932Z		GEODETIC_DATUM_ASSUMED_WGS84;CONTINENT_DERIVED_FROM_COORDINATES
3477737957	84b18cce-083a-4464-bee8-25b2083a17cd		Plantae	Tracheophyta	Magnoliopsida	Sapindales	Sapindaceae	Acer	Acer negundo		SPECIES	Acer negundo L.	Acer negundo L.		PL			PRESENT		5480dea7-2a71-409b-a832-cbc5f1b5a2e6	52.091055	17.012244							1994-08-27	27	8	1994	3189866	3189866	HUMAN_OBSERVATION	AMU	NHC-BOT	NOT-V-0041044		Celka Z.		CC_BY_4_0		Celka Z.			2026-06-04T22:52:55.875Z		GEODETIC_DATUM_ASSUMED_WGS84;CONTINENT_DERIVED_FROM_COORDINATES
3477732274	84b18cce-083a-4464-bee8-25b2083a17cd		Plantae	Tracheophyta	Magnoliopsida	Sapindales	Sapindaceae	Acer	Acer negundo		SPECIES	Acer negundo L.	Acer negundo L.		PL			PRESENT		5480dea7-2a71-409b-a832-cbc5f1b5a2e6	52.330452	17.586473							1994-08-04	4	8	1994	3189866	3189866	HUMAN_OBSERVATION	AMU	NHC-BOT	NOT-V-0027105		Celka Z.		CC_BY_4_0		Celka Z.			2026-06-04T22:52:50.206Z		GEODETIC_DATUM_ASSUMED_WGS84;CONTINENT_DERIVED_FROM_COORDINATES
3477712960	84b18cce-083a-4464-bee8-25b2083a17cd		Plantae	Tracheophyta	Magnoliopsida	Sapindales	Sapindaceae	Acer	Acer negundo		SPECIES	Acer negundo L.	Acer negundo L.		PL			PRESENT		5480dea7-2a71-409b-a832-cbc5f1b5a2e6	53.06987	18.49042							2016			2016	3189866	3189866	HUMAN_OBSERVATION	AMU	NHC-BOT	NOT-V-0000022		Chmiel J.		CC_BY_4_0		Chmiel J.			2026-06-04T22:52:44.906Z		GEODETIC_DATUM_ASSUMED_WGS84;CONTINENT_DERIVED_FROM_COORDINATES
3477711920	84b18cce-083a-4464-bee8-25b2083a17cd		Plantae	Tracheophyta	Magnoliopsida	Sapindales	Sapindaceae	Acer	Acer negundo		SPECIES	Acer negundo L.	Acer negundo L.		PL			PRESENT		5480dea7-2a71-409b-a832-cbc5f1b5a2e6	53.06987	18.49042							2009			2009	3189866	3189866	HUMAN_OBSERVATION	AMU	NHC-BOT	NOT-V-0000023		Chmiel J.		CC_BY_4_0		Chmiel J.			2026-06-04T22:53:04.850Z		GEODETIC_DATUM_ASSUMED_WGS84;CONTINENT_DERIVED_FROM_COORDINATES
3477707953	84b18cce-083a-4464-bee8-25b2083a17cd		Plantae	Tracheophyta	Magnoliopsida	Sapindales	Sapindaceae	Acer	Acer negundo		SPECIES	Acer negundo L.	Acer negundo L.		PL			PRESENT		5480dea7-2a71-409b-a832-cbc5f1b5a2e6	53.06987	18.49042							2013			2013	3189866	3189866	HUMAN_OBSERVATION	AMU	NHC-BOT	NOT-V-0000020		Chmiel J.		CC_BY_4_0		Chmiel J.			2026-06-04T22:52:44.818Z		GEODETIC_DATUM_ASSUMED_WGS84;CONTINENT_DERIVED_FROM_COORDINATES
3477697919	84b18cce-083a-4464-bee8-25b2083a17cd		Plantae	Tracheophyta	Magnoliopsida	Sapindales	Sapindaceae	Acer	Acer negundo		SPECIES	Acer negundo L.	Acer negundo L.		PL			PRESENT		5480dea7-2a71-409b-a832-cbc5f1b5a2e6	53.06987	18.49042							2013			2013	3189866	3189866	HUMAN_OBSERVATION	AMU	NHC-BOT	NOT-V-0000021		Chmiel J.		CC_BY_4_0		Chmiel J.			2026-06-04T22:52:44.715Z		GEODETIC_DATUM_ASSUMED_WGS84;CONTINENT_DERIVED_FROM_COORDINATES
3476613836	84b18cce-083a-4464-bee8-25b2083a17cd		Plantae	Tracheophyta	Magnoliopsida	Sapindales	Sapindaceae	Acer	Acer negundo		SPECIES	Acer negundo L.	Acer negundo L.		PL			PRESENT		5480dea7-2a71-409b-a832-cbc5f1b5a2e6	52.657197	17.184867							1973-05-06	6	5	1973	3189866	3189866	PRESERVED_SPECIMEN	AMU	NHC-BOT	POZ-V-0143638		Szafrański F.		CC_BY_4_0		Szafrański F.			2026-06-04T22:52:40.188Z		GEODETIC_DATUM_ASSUMED_WGS84;CONTINENT_DERIVED_FROM_COORDINATES;COLLECTION_MATCH_NONE
3476612807	84b18cce-083a-4464-bee8-25b2083a17cd		Plantae	Tracheophyta	Magnoliopsida	Sapindales	Sapindaceae	Acer	Acer negundo		SPECIES	Acer negundo L.	Acer negundo L.		PL			PRESENT		5480dea7-2a71-409b-a832-cbc5f1b5a2e6	54.678222	17.262899							1970-07-13	13	7	1970	3189866	3189866	PRESERVED_SPECIMEN	AMU	NHC-BOT	POZ-V-0143641		Żukowski W.		CC_BY_4_0		Żukowski W.			2026-06-04T22:52:58.517Z		GEODETIC_DATUM_ASSUMED_WGS84;CONTINENT_DERIVED_FROM_COORDINATES;COLLECTION_MATCH_NONE
3476610800	84b18cce-083a-4464-bee8-25b2083a17cd		Plantae	Tracheophyta	Magnoliopsida	Sapindales	Sapindaceae	Acer	Acer negundo		SPECIES	Acer negundo L.	Acer negundo L.		PL			PRESENT		5480dea7-2a71-409b-a832-cbc5f1b5a2e6	52.232556	17.302972							1998-05-02	2	5	1998	3189866	3189866	PRESERVED_SPECIMEN	AMU	NHC-BOT	POZ-V-0143634		Czarna A.		CC_BY_4_0		Czarna A.			2026-06-04T22:53:01.487Z		GEODETIC_DATUM_ASSUMED_WGS84;CONTINENT_DERIVED_FROM_COORDINATES;COLLECTION_MATCH_NONE
3476609820	84b18cce-083a-4464-bee8-25b2083a17cd		Plantae	Tracheophyta	Magnoliopsida	Sapindales	Sapindaceae	Acer	Acer negundo		SPECIES	Acer negundo L.	Acer negundo L.		PL			PRESENT		5480dea7-2a71-409b-a832-cbc5f1b5a2e6	52.047714	17.217377							1987-09-17	17	9	1987	3189866	3189866	PRESERVED_SPECIMEN	AMU	NHC-BOT	POZ-V-0143636		Czarna A.		CC_BY_4_0		Czarna A.			2026-06-04T22:52:44.813Z		GEODETIC_DATUM_ASSUMED_WGS84;CONTINENT_DERIVED_FROM_COORDINATES;COLLECTION_MATCH_NONE
3476601808	84b18cce-083a-4464-bee8-25b2083a17cd		Plantae	Tracheophyta	Magnoliopsida	Sapindales	Sapindaceae	Acer	Acer negundo		SPECIES	Acer negundo L.	Acer negundo L.		PL			PRESENT		5480dea7-2a71-409b-a832-cbc5f1b5a2e6	52.047714	17.217377							1987-09-13	13	9	1987	3189866	3189866	PRESERVED_SPECIMEN	AMU	NHC-BOT	POZ-V-0143637		Czarna A.		CC_BY_4_0		Czarna A.			2026-06-04T22:52:58.678Z		GEODETIC_DATUM_ASSUMED_WGS84;CONTINENT_DERIVED_FROM_COORDINATES;COLLECTION_MATCH_NONE
3476599758	84b18cce-083a-4464-bee8-25b2083a17cd		Plantae	Tracheophyta	Magnoliopsida	Sapindales	Sapindaceae	Acer	Acer negundo		SPECIES	Acer negundo L.	Acer negundo L.		PL			PRESENT		5480dea7-2a71-409b-a832-cbc5f1b5a2e6	52.325317	17.147998							1962-07-27	27	7	1962	3189866	3189866	PRESERVED_SPECIMEN	AMU	NHC-BOT	POZ-V-0143640		Rudnicka Wanda		CC_BY_4_0		Rudnicka Wanda			2026-06-04T22:52:39.972Z		GEODETIC_DATUM_ASSUMED_WGS84;CONTINENT_DERIVED_FROM_COORDINATES;COLLECTION_MATCH_NONE
3476598803	84b18cce-083a-4464-bee8-25b2083a17cd		Plantae	Tracheophyta	Magnoliopsida	Sapindales	Sapindaceae	Acer	Acer negundo		SPECIES	Acer negundo L.	Acer negundo L.		PL			PRESENT		5480dea7-2a71-409b-a832-cbc5f1b5a2e6	52.232556	17.302972							1998-05-02	2	5	1998	3189866	3189866	PRESERVED_SPECIMEN	AMU	NHC-BOT	POZ-V-0143635		Czarna A.		CC_BY_4_0		Czarna A.			2026-06-04T22:52:44.353Z		GEODETIC_DATUM_ASSUMED_WGS84;CONTINENT_DERIVED_FROM_COORDINATES;COLLECTION_MATCH_NONE
3476596773	84b18cce-083a-4464-bee8-25b2083a17cd		Plantae	Tracheophyta	Magnoliopsida	Sapindales	Sapindaceae	Acer	Acer negundo		SPECIES	Acer negundo L.	Acer negundo L.		PL			PRESENT		5480dea7-2a71-409b-a832-cbc5f1b5a2e6	52.353906	18.518443							1971-07-04	4	7	1971	3189866	3189866	PRESERVED_SPECIMEN	AMU	NHC-BOT	POZ-V-0143639		Szafrański F.		CC_BY_4_0		Szafrański F.			2026-06-04T22:52:51.795Z		GEODETIC_DATUM_ASSUMED_WGS84;CONTINENT_DERIVED_FROM_COORDINATES;COLLECTION_MATCH_NONE
3476595761	84b18cce-083a-4464-bee8-25b2083a17cd		Plantae	Tracheophyta	Magnoliopsida	Sapindales	Sapindaceae	Acer	Acer negundo		SPECIES	Acer negundo L.	Acer negundo L.		PL			PRESENT		5480dea7-2a71-409b-a832-cbc5f1b5a2e6	52.429758	15.57187											3189866	3189866	PRESERVED_SPECIMEN	AMU	NHC-BOT	POZ-V-0143642		Meyer Th.		CC_BY_4_0		Meyer Th.			2026-06-04T22:53:01.411Z		GEODETIC_DATUM_ASSUMED_WGS84;CONTINENT_DERIVED_FROM_COORDINATES;RECORDED_DATE_INVALID;COLLECTION_MATCH_NONE
3476547496	84b18cce-083a-4464-bee8-25b2083a17cd		Plantae	Tracheophyta	Magnoliopsida	Sapindales	Sapindaceae	Acer	Acer negundo		SPECIES	Acer negundo L.	Acer negundo L.		DE			PRESENT		5480dea7-2a71-409b-a832-cbc5f1b5a2e6	52.127	11.634							1897			1897	3189866	3189866	PRESERVED_SPECIMEN	AMU	NHC-BOT	POZ-V-0004993		Matz A.		CC_BY_4_0		Matz A.			2026-06-04T22:52:51.450Z		GEODETIC_DATUM_ASSUMED_WGS84;CONTINENT_DERIVED_FROM_COORDINATES;COLLECTION_MATCH_NONE
3476546472	84b18cce-083a-4464-bee8-25b2083a17cd		Plantae	Tracheophyta	Magnoliopsida	Sapindales	Sapindaceae	Acer	Acer negundo		SPECIES	Acer negundo L.	Acer negundo L.		PL			PRESENT		5480dea7-2a71-409b-a832-cbc5f1b5a2e6	51.955123	17.340308							1924			1924	3189866	3189866	PRESERVED_SPECIMEN	AMU	NHC-BOT	POZ-V-0004979		Krawiec F.		CC_BY_4_0		Krawiec F.			2026-06-04T22:52:51.449Z		GEODETIC_DATUM_ASSUMED_WGS84;CONTINENT_DERIVED_FROM_COORDINATES;COLLECTION_MATCH_NONE
3476541502	84b18cce-083a-4464-bee8-25b2083a17cd		Plantae	Tracheophyta	Magnoliopsida	Sapindales	Sapindaceae	Acer	Acer negundo		SPECIES	Acer negundo L.	Acer negundo L.		PL			PRESENT		5480dea7-2a71-409b-a832-cbc5f1b5a2e6	53.452585	17.529145							1962-08-19	19	8	1962	3189866	3189866	PRESERVED_SPECIMEN	AMU	NHC-BOT	POZ-V-0004991		Bojakowska S.		CC_BY_4_0		Bojakowska S.			2026-06-04T22:52:51.411Z		GEODETIC_DATUM_ASSUMED_WGS84;CONTINENT_DERIVED_FROM_COORDINATES;COLLECTION_MATCH_NONE
3476540861	84b18cce-083a-4464-bee8-25b2083a17cd		Plantae	Tracheophyta	Magnoliopsida	Sapindales	Sapindaceae	Acer	Acer negundo		SPECIES	Acer negundo L.	Acer negundo L.		PL			PRESENT		5480dea7-2a71-409b-a832-cbc5f1b5a2e6	52.263306	16.668212							1980			1980	3189866	3189866	PRESERVED_SPECIMEN	AMU	NHC-BOT	POZ-V-0012545		Janicka B.		CC_BY_4_0		Janicka B.			2026-06-04T22:52:39.348Z		GEODETIC_DATUM_ASSUMED_WGS84;CONTINENT_DERIVED_FROM_COORDINATES;COLLECTION_MATCH_NONE
3476540494	84b18cce-083a-4464-bee8-25b2083a17cd		Plantae	Tracheophyta	Magnoliopsida	Sapindales	Sapindaceae	Acer	Acer negundo		SPECIES	Acer negundo L.	Acer negundo L.		PL			PRESENT		5480dea7-2a71-409b-a832-cbc5f1b5a2e6	52.812492	17.270801							1977			1977	3189866	3189866	PRESERVED_SPECIMEN	AMU	NHC-BOT	POZ-V-0004977		Szostak M.		CC_BY_4_0		Szostak M.			2026-06-04T22:53:00.688Z		GEODETIC_DATUM_ASSUMED_WGS84;CONTINENT_DERIVED_FROM_COORDINATES;COLLECTION_MATCH_NONE
3476539472	84b18cce-083a-4464-bee8-25b2083a17cd		Plantae	Tracheophyta	Magnoliopsida	Sapindales	Sapindaceae	Acer	Acer negundo		SPECIES	Acer negundo L.	Acer negundo L.		PL			PRESENT		5480dea7-2a71-409b-a832-cbc5f1b5a2e6	52.19297	15.34184							1977			1977	3189866	3189866	PRESERVED_SPECIMEN	AMU	NHC-BOT	POZ-V-0004990		Tchórzewska B.		CC_BY_4_0		Tchórzewska B.			2026-06-04T22:52:39.051Z		GEODETIC_DATUM_ASSUMED_WGS84;CONTINENT_DERIVED_FROM_COORDINATES;COLLECTION_MATCH_NONE
3476538459	84b18cce-083a-4464-bee8-25b2083a17cd		Plantae	Tracheophyta	Magnoliopsida	Sapindales	Sapindaceae	Acer	Acer negundo		SPECIES	Acer negundo L.	Acer negundo L.		CZ			PRESENT		5480dea7-2a71-409b-a832-cbc5f1b5a2e6	50.2056	17.6885							1956			1956	3189866	3189866	PRESERVED_SPECIMEN	AMU	NHC-BOT	POZ-V-0004992		Duda		CC_BY_4_0		Duda			2026-06-04T22:53:00.738Z		GEODETIC_DATUM_ASSUMED_WGS84;CONTINENT_DERIVED_FROM_COORDINATES;COLLECTION_MATCH_NONE
3476532443	84b18cce-083a-4464-bee8-25b2083a17cd		Plantae	Tracheophyta	Magnoliopsida	Sapindales	Sapindaceae	Acer	Acer negundo		SPECIES	Acer negundo L.	Acer negundo L.		PL			PRESENT		5480dea7-2a71-409b-a832-cbc5f1b5a2e6	51.955123	17.340308							1924			1924	3189866	3189866	PRESERVED_SPECIMEN	AMU	NHC-BOT	POZ-V-0004978		Krawiec F.		CC_BY_4_0		Krawiec F.			2026-06-04T22:52:58.314Z		GEODETIC_DATUM_ASSUMED_WGS84;CONTINENT_DERIVED_FROM_COORDINATES;COLLECTION_MATCH_NONE
3476521188	84b18cce-083a-4464-bee8-25b2083a17cd		Plantae	Tracheophyta	Magnoliopsida	Sapindales	Sapindaceae	Acer	Acer negundo		SPECIES	Acer negundo L.	Acer negundo L.		PL			PRESENT		5480dea7-2a71-409b-a832-cbc5f1b5a2e6	51.720779	17.510402							2002-09-29	29	9	2002	3189866	3189866	HUMAN_OBSERVATION	AMU	NHC-BOT	NOT-V-0265044		Pawłowski Jacek		CC_BY_4_0		Pawłowski Jacek			2026-06-04T22:52:58.122Z		GEODETIC_DATUM_ASSUMED_WGS84;CONTINENT_DERIVED_FROM_COORDINATES
3476507468	84b18cce-083a-4464-bee8-25b2083a17cd		Plantae	Tracheophyta	Magnoliopsida	Sapindales	Sapindaceae	Acer	Acer negundo		SPECIES	Acer negundo L.	Acer negundo L.		PL			PRESENT		5480dea7-2a71-409b-a832-cbc5f1b5a2e6	51.720779	17.510402							2002-05-28	28	5	2002	3189866	3189866	HUMAN_OBSERVATION	AMU	NHC-BOT	NOT-V-0251132		Pawłowski Jacek		CC_BY_4_0		Pawłowski Jacek			2026-06-04T22:52:58.157Z		GEODETIC_DATUM_ASSUMED_WGS84;CONTINENT_DERIVED_FROM_COORDINATES
3476503880	84b18cce-083a-4464-bee8-25b2083a17cd		Plantae	Tracheophyta	Magnoliopsida	Sapindales	Sapindaceae	Acer	Acer negundo		SPECIES	Acer negundo L.	Acer negundo L.		PL			PRESENT		5480dea7-2a71-409b-a832-cbc5f1b5a2e6	51.941831	17.640057							2002-07-27	27	7	2002	3189866	3189866	HUMAN_OBSERVATION	AMU	NHC-BOT	NOT-V-0259248		Pawłowski Jacek		CC_BY_4_0		Pawłowski Jacek			2026-06-04T22:52:39.090Z		GEODETIC_DATUM_ASSUMED_WGS84;CONTINENT_DERIVED_FROM_COORDINATES
3476489196	84b18cce-083a-4464-bee8-25b2083a17cd		Plantae	Tracheophyta	Magnoliopsida	Sapindales	Sapindaceae	Acer	Acer negundo		SPECIES	Acer negundo L.	Acer negundo L.		PL			PRESENT		5480dea7-2a71-409b-a832-cbc5f1b5a2e6	51.720779	17.510402							2001-05-20	20	5	2001	3189866	3189866	HUMAN_OBSERVATION	AMU	NHC-BOT	NOT-V-0225327		Pawłowski Jacek		CC_BY_4_0		Pawłowski Jacek			2026-06-04T22:52:58.004Z		GEODETIC_DATUM_ASSUMED_WGS84;CONTINENT_DERIVED_FROM_COORDINATES
3476483800	84b18cce-083a-4464-bee8-25b2083a17cd		Plantae	Tracheophyta	Magnoliopsida	Sapindales	Sapindaceae	Acer	Acer negundo		SPECIES	Acer negundo L.	Acer negundo L.		PL			PRESENT		5480dea7-2a71-409b-a832-cbc5f1b5a2e6	51.955123	17.340308							2001-04-16	16	4	2001	3189866	3189866	HUMAN_OBSERVATION	AMU	NHC-BOT	NOT-V-0218177		Pawłowski Jacek		CC_BY_4_0		Pawłowski Jacek			2026-06-04T22:52:38.638Z		GEODETIC_DATUM_ASSUMED_WGS84;CONTINENT_DERIVED_FROM_COORDINATES
3476467596	84b18cce-083a-4464-bee8-25b2083a17cd		Plantae	Tracheophyta	Magnoliopsida	Sapindales	Sapindaceae	Acer	Acer negundo		SPECIES	Acer negundo L.	Acer negundo L.		PL			PRESENT		5480dea7-2a71-409b-a832-cbc5f1b5a2e6	51.837433	17.42145							2000-07-04	4	7	2000	3189866	3189866	HUMAN_OBSERVATION	AMU	NHC-BOT	NOT-V-0193717		Pawłowski Jacek		CC_BY_4_0		Pawłowski Jacek			2026-06-04T22:52:38.516Z		GEODETIC_DATUM_ASSUMED_WGS84;CONTINENT_DERIVED_FROM_COORDINATES
3476467226	84b18cce-083a-4464-bee8-25b2083a17cd		Plantae	Tracheophyta	Magnoliopsida	Sapindales	Sapindaceae	Acer	Acer negundo		SPECIES	Acer negundo L.	Acer negundo L.		PL			PRESENT		5480dea7-2a71-409b-a832-cbc5f1b5a2e6	51.853272	17.628626							2000-06-24	24	6	2000	3189866	3189866	HUMAN_OBSERVATION	AMU	NHC-BOT	NOT-V-0185588		Pawłowski Jacek		CC_BY_4_0		Pawłowski Jacek			2026-06-04T22:52:57.355Z		GEODETIC_DATUM_ASSUMED_WGS84;CONTINENT_DERIVED_FROM_COORDINATES
3476456780	84b18cce-083a-4464-bee8-25b2083a17cd		Plantae	Tracheophyta	Magnoliopsida	Sapindales	Sapindaceae	Acer	Acer negundo		SPECIES	Acer negundo L.	Acer negundo L.		PL			PRESENT		5480dea7-2a71-409b-a832-cbc5f1b5a2e6	51.720779	17.510402							2000-06-06	6	6	2000	3189866	3189866	HUMAN_OBSERVATION	AMU	NHC-BOT	NOT-V-0177274		Pawłowski Jacek		CC_BY_4_0		Pawłowski Jacek			2026-06-04T22:52:57.575Z		GEODETIC_DATUM_ASSUMED_WGS84;CONTINENT_DERIVED_FROM_COORDINATES
3476407122	84b18cce-083a-4464-bee8-25b2083a17cd		Plantae	Tracheophyta	Magnoliopsida	Sapindales	Sapindaceae	Acer	Acer negundo		SPECIES	Acer negundo L.	Acer negundo L.		PL			PRESENT		5480dea7-2a71-409b-a832-cbc5f1b5a2e6	53.06987	18.49042							1993			1993	3189866	3189866	HUMAN_OBSERVATION	AMU	NHC-BOT	NOT-V-0083585		Chmiel J.		CC_BY_4_0		Chmiel J.			2026-06-04T22:52:38.577Z		GEODETIC_DATUM_ASSUMED_WGS84;CONTINENT_DERIVED_FROM_COORDINATES
3476407121	84b18cce-083a-4464-bee8-25b2083a17cd		Plantae	Tracheophyta	Magnoliopsida	Sapindales	Sapindaceae	Acer	Acer negundo		SPECIES	Acer negundo L.	Acer negundo L.		PL			PRESENT		5480dea7-2a71-409b-a832-cbc5f1b5a2e6	53.06987	18.49042							1995			1995	3189866	3189866	HUMAN_OBSERVATION	AMU	NHC-BOT	NOT-V-0083567		Chmiel J.		CC_BY_4_0		Chmiel J.			2026-06-04T22:52:38.313Z		GEODETIC_DATUM_ASSUMED_WGS84;CONTINENT_DERIVED_FROM_COORDINATES
3476407120	84b18cce-083a-4464-bee8-25b2083a17cd		Plantae	Tracheophyta	Magnoliopsida	Sapindales	Sapindaceae	Acer	Acer negundo		SPECIES	Acer negundo L.	Acer negundo L.		PL			PRESENT		5480dea7-2a71-409b-a832-cbc5f1b5a2e6	53.06987	18.49042							1993			1993	3189866	3189866	HUMAN_OBSERVATION	AMU	NHC-BOT	NOT-V-0083549		Chmiel J.		CC_BY_4_0		Chmiel J.			2026-06-04T22:52:50.836Z		GEODETIC_DATUM_ASSUMED_WGS84;CONTINENT_DERIVED_FROM_COORDINATES
3476406124	84b18cce-083a-4464-bee8-25b2083a17cd		Plantae	Tracheophyta	Magnoliopsida	Sapindales	Sapindaceae	Acer	Acer negundo		SPECIES	Acer negundo L.	Acer negundo L.		PL			PRESENT		5480dea7-2a71-409b-a832-cbc5f1b5a2e6	52.472228	18.329995							1993			1993	3189866	3189866	HUMAN_OBSERVATION	AMU	NHC-BOT	NOT-V-0083596		Chmiel J.		CC_BY_4_0		Chmiel J.			2026-06-04T22:53:00.574Z		GEODETIC_DATUM_ASSUMED_WGS84;CONTINENT_DERIVED_FROM_COORDINATES
3476406123	84b18cce-083a-4464-bee8-25b2083a17cd		Plantae	Tracheophyta	Magnoliopsida	Sapindales	Sapindaceae	Acer	Acer negundo		SPECIES	Acer negundo L.	Acer negundo L.		PL			PRESENT		5480dea7-2a71-409b-a832-cbc5f1b5a2e6	53.06987	18.49042							1994			1994	3189866	3189866	HUMAN_OBSERVATION	AMU	NHC-BOT	NOT-V-0083578		Chmiel J.		CC_BY_4_0		Chmiel J.			2026-06-04T22:52:38.579Z		GEODETIC_DATUM_ASSUMED_WGS84;CONTINENT_DERIVED_FROM_COORDINATES
3476405138	84b18cce-083a-4464-bee8-25b2083a17cd		Plantae	Tracheophyta	Magnoliopsida	Sapindales	Sapindaceae	Acer	Acer negundo		SPECIES	Acer negundo L.	Acer negundo L.		PL			PRESENT		5480dea7-2a71-409b-a832-cbc5f1b5a2e6	53.06987	18.49042							1993			1993	3189866	3189866	HUMAN_OBSERVATION	AMU	NHC-BOT	NOT-V-0083581		Chmiel J.		CC_BY_4_0		Chmiel J.			2026-06-04T22:52:38.278Z		GEODETIC_DATUM_ASSUMED_WGS84;CONTINENT_DERIVED_FROM_COORDINATES
3476405137	84b18cce-083a-4464-bee8-25b2083a17cd		Plantae	Tracheophyta	Magnoliopsida	Sapindales	Sapindaceae	Acer	Acer negundo		SPECIES	Acer negundo L.	Acer negundo L.		PL			PRESENT		5480dea7-2a71-409b-a832-cbc5f1b5a2e6	53.06987	18.49042							1993			1993	3189866	3189866	HUMAN_OBSERVATION	AMU	NHC-BOT	NOT-V-0083563		Chmiel J.		CC_BY_4_0		Chmiel J.			2026-06-04T22:52:57.159Z		GEODETIC_DATUM_ASSUMED_WGS84;CONTINENT_DERIVED_FROM_COORDINATES
3476404110	84b18cce-083a-4464-bee8-25b2083a17cd		Plantae	Tracheophyta	Magnoliopsida	Sapindales	Sapindaceae	Acer	Acer negundo		SPECIES	Acer negundo L.	Acer negundo L.		PL			PRESENT		5480dea7-2a71-409b-a832-cbc5f1b5a2e6	52.472228	18.329995							1993			1993	3189866	3189866	HUMAN_OBSERVATION	AMU	NHC-BOT	NOT-V-0083597		Chmiel J.		CC_BY_4_0		Chmiel J.			2026-06-04T22:52:51.089Z		GEODETIC_DATUM_ASSUMED_WGS84;CONTINENT_DERIVED_FROM_COORDINATES
3476404109	84b18cce-083a-4464-bee8-25b2083a17cd		Plantae	Tracheophyta	Magnoliopsida	Sapindales	Sapindaceae	Acer	Acer negundo		SPECIES	Acer negundo L.	Acer negundo L.		PL			PRESENT		5480dea7-2a71-409b-a832-cbc5f1b5a2e6	53.06987	18.49042							1996			1996	3189866	3189866	HUMAN_OBSERVATION	AMU	NHC-BOT	NOT-V-0083579		Chmiel J.		CC_BY_4_0		Chmiel J.			2026-06-04T22:52:38.600Z		GEODETIC_DATUM_ASSUMED_WGS84;CONTINENT_DERIVED_FROM_COORDINATES
3476404108	84b18cce-083a-4464-bee8-25b2083a17cd		Plantae	Tracheophyta	Magnoliopsida	Sapindales	Sapindaceae	Acer	Acer negundo		SPECIES	Acer negundo L.	Acer negundo L.		PL			PRESENT		5480dea7-2a71-409b-a832-cbc5f1b5a2e6	53.06987	18.49042							1993			1993	3189866	3189866	HUMAN_OBSERVATION	AMU	NHC-BOT	NOT-V-0083560		Chmiel J.		CC_BY_4_0		Chmiel J.			2026-06-04T22:52:50.783Z		GEODETIC_DATUM_ASSUMED_WGS84;CONTINENT_DERIVED_FROM_COORDINATES
3476402086	84b18cce-083a-4464-bee8-25b2083a17cd		Plantae	Tracheophyta	Magnoliopsida	Sapindales	Sapindaceae	Acer	Acer negundo		SPECIES	Acer negundo L.	Acer negundo L.		PL			PRESENT		5480dea7-2a71-409b-a832-cbc5f1b5a2e6	53.06987	18.49042							1994			1994	3189866	3189866	HUMAN_OBSERVATION	AMU	NHC-BOT	NOT-V-0083582		Chmiel J.		CC_BY_4_0		Chmiel J.			2026-06-04T22:52:38.260Z		GEODETIC_DATUM_ASSUMED_WGS84;CONTINENT_DERIVED_FROM_COORDINATES
3476402085	84b18cce-083a-4464-bee8-25b2083a17cd		Plantae	Tracheophyta	Magnoliopsida	Sapindales	Sapindaceae	Acer	Acer negundo		SPECIES	Acer negundo L.	Acer negundo L.		PL			PRESENT		5480dea7-2a71-409b-a832-cbc5f1b5a2e6	53.06987	18.49042							1993			1993	3189866	3189866	HUMAN_OBSERVATION	AMU	NHC-BOT	NOT-V-0083564		Chmiel J.		CC_BY_4_0		Chmiel J.			2026-06-04T22:52:56.980Z		GEODETIC_DATUM_ASSUMED_WGS84;CONTINENT_DERIVED_FROM_COORDINATES
3476401102	84b18cce-083a-4464-bee8-25b2083a17cd		Plantae	Tracheophyta	Magnoliopsida	Sapindales	Sapindaceae	Acer	Acer negundo		SPECIES	Acer negundo L.	Acer negundo L.		PL			PRESENT		5480dea7-2a71-409b-a832-cbc5f1b5a2e6	53.06987	18.49042							1994			1994	3189866	3189866	HUMAN_OBSERVATION	AMU	NHC-BOT	NOT-V-0083586		Chmiel J.		CC_BY_4_0		Chmiel J.			2026-06-04T22:53:00.043Z		GEODETIC_DATUM_ASSUMED_WGS84;CONTINENT_DERIVED_FROM_COORDINATES
3476401101	84b18cce-083a-4464-bee8-25b2083a17cd		Plantae	Tracheophyta	Magnoliopsida	Sapindales	Sapindaceae	Acer	Acer negundo		SPECIES	Acer negundo L.	Acer negundo L.		PL			PRESENT		5480dea7-2a71-409b-a832-cbc5f1b5a2e6	53.06987	18.49042							1995			1995	3189866	3189866	HUMAN_OBSERVATION	AMU	NHC-BOT	NOT-V-0083568		Chmiel J.		CC_BY_4_0		Chmiel J.			2026-06-04T22:52:38.215Z		GEODETIC_DATUM_ASSUMED_WGS84;CONTINENT_DERIVED_FROM_COORDINATES
3476400136	84b18cce-083a-4464-bee8-25b2083a17cd		Plantae	Tracheophyta	Magnoliopsida	Sapindales	Sapindaceae	Acer	Acer negundo		SPECIES	Acer negundo L.	Acer negundo L.		PL			PRESENT		5480dea7-2a71-409b-a832-cbc5f1b5a2e6	52.472228	18.329995							1993			1993	3189866	3189866	HUMAN_OBSERVATION	AMU	NHC-BOT	NOT-V-0083598		Chmiel J.		CC_BY_4_0		Chmiel J.			2026-06-04T22:53:00.726Z		GEODETIC_DATUM_ASSUMED_WGS84;CONTINENT_DERIVED_FROM_COORDINATES
3476400135	84b18cce-083a-4464-bee8-25b2083a17cd		Plantae	Tracheophyta	Magnoliopsida	Sapindales	Sapindaceae	Acer	Acer negundo		SPECIES	Acer negundo L.	Acer negundo L.		PL			PRESENT		5480dea7-2a71-409b-a832-cbc5f1b5a2e6	53.06987	18.49042							1993			1993	3189866	3189866	HUMAN_OBSERVATION	AMU	NHC-BOT	NOT-V-0083561		Chmiel J.		CC_BY_4_0		Chmiel J.			2026-06-04T22:52:40.944Z		GEODETIC_DATUM_ASSUMED_WGS84;CONTINENT_DERIVED_FROM_COORDINATES
3476399131	84b18cce-083a-4464-bee8-25b2083a17cd		Plantae	Tracheophyta	Magnoliopsida	Sapindales	Sapindaceae	Acer	Acer negundo		SPECIES	Acer negundo L.	Acer negundo L.		PL			PRESENT		5480dea7-2a71-409b-a832-cbc5f1b5a2e6	53.06987	18.49042							1993			1993	3189866	3189866	HUMAN_OBSERVATION	AMU	NHC-BOT	NOT-V-0083583		Chmiel J.		CC_BY_4_0		Chmiel J.			2026-06-04T22:52:50.857Z		GEODETIC_DATUM_ASSUMED_WGS84;CONTINENT_DERIVED_FROM_COORDINATES
3476399130	84b18cce-083a-4464-bee8-25b2083a17cd		Plantae	Tracheophyta	Magnoliopsida	Sapindales	Sapindaceae	Acer	Acer negundo		SPECIES	Acer negundo L.	Acer negundo L.		PL			PRESENT		5480dea7-2a71-409b-a832-cbc5f1b5a2e6	53.06987	18.49042							1993			1993	3189866	3189866	HUMAN_OBSERVATION	AMU	NHC-BOT	NOT-V-0083565		Chmiel J.		CC_BY_4_0		Chmiel J.			2026-06-04T22:53:00.328Z		GEODETIC_DATUM_ASSUMED_WGS84;CONTINENT_DERIVED_FROM_COORDINATES
3476398093	84b18cce-083a-4464-bee8-25b2083a17cd		Plantae	Tracheophyta	Magnoliopsida	Sapindales	Sapindaceae	Acer	Acer negundo		SPECIES	Acer negundo L.	Acer negundo L.		PL			PRESENT		5480dea7-2a71-409b-a832-cbc5f1b5a2e6	52.472228	18.329995							1993			1993	3189866	3189866	HUMAN_OBSERVATION	AMU	NHC-BOT	NOT-V-0083599		Chmiel J.		CC_BY_4_0		Chmiel J.			2026-06-04T22:53:00.326Z		GEODETIC_DATUM_ASSUMED_WGS84;CONTINENT_DERIVED_FROM_COORDINATES
3476398092	84b18cce-083a-4464-bee8-25b2083a17cd		Plantae	Tracheophyta	Magnoliopsida	Sapindales	Sapindaceae	Acer	Acer negundo		SPECIES	Acer negundo L.	Acer negundo L.		PL			PRESENT		5480dea7-2a71-409b-a832-cbc5f1b5a2e6	53.06987	18.49042							1994			1994	3189866	3189866	HUMAN_OBSERVATION	AMU	NHC-BOT	NOT-V-0083580		Chmiel J.		CC_BY_4_0		Chmiel J.			2026-06-04T22:52:59.950Z		GEODETIC_DATUM_ASSUMED_WGS84;CONTINENT_DERIVED_FROM_COORDINATES
3476398091	84b18cce-083a-4464-bee8-25b2083a17cd		Plantae	Tracheophyta	Magnoliopsida	Sapindales	Sapindaceae	Acer	Acer negundo		SPECIES	Acer negundo L.	Acer negundo L.		PL			PRESENT		5480dea7-2a71-409b-a832-cbc5f1b5a2e6	53.06987	18.49042							1993			1993	3189866	3189866	HUMAN_OBSERVATION	AMU	NHC-BOT	NOT-V-0083562		Chmiel J.		CC_BY_4_0		Chmiel J.			2026-06-04T22:52:50.894Z		GEODETIC_DATUM_ASSUMED_WGS84;CONTINENT_DERIVED_FROM_COORDINATES
3476397086	84b18cce-083a-4464-bee8-25b2083a17cd		Plantae	Tracheophyta	Magnoliopsida	Sapindales	Sapindaceae	Acer	Acer negundo		SPECIES	Acer negundo L.	Acer negundo L.		PL			PRESENT		5480dea7-2a71-409b-a832-cbc5f1b5a2e6	53.06987	18.49042							1993			1993	3189866	3189866	HUMAN_OBSERVATION	AMU	NHC-BOT	NOT-V-0083584		Chmiel J.		CC_BY_4_0		Chmiel J.			2026-06-04T22:52:50.785Z		GEODETIC_DATUM_ASSUMED_WGS84;CONTINENT_DERIVED_FROM_COORDINATES
3476397085	84b18cce-083a-4464-bee8-25b2083a17cd		Plantae	Tracheophyta	Magnoliopsida	Sapindales	Sapindaceae	Acer	Acer negundo		SPECIES	Acer negundo L.	Acer negundo L.		PL			PRESENT		5480dea7-2a71-409b-a832-cbc5f1b5a2e6	53.06987	18.49042							1995			1995	3189866	3189866	HUMAN_OBSERVATION	AMU	NHC-BOT	NOT-V-0083566		Chmiel J.		CC_BY_4_0		Chmiel J.			2026-06-04T22:52:57.666Z		GEODETIC_DATUM_ASSUMED_WGS84;CONTINENT_DERIVED_FROM_COORDINATES
3476397084	84b18cce-083a-4464-bee8-25b2083a17cd		Plantae	Tracheophyta	Magnoliopsida	Sapindales	Sapindaceae	Acer	Acer negundo		SPECIES	Acer negundo L.	Acer negundo L.		PL			PRESENT		5480dea7-2a71-409b-a832-cbc5f1b5a2e6	53.06987	18.49042							1993			1993	3189866	3189866	HUMAN_OBSERVATION	AMU	NHC-BOT	NOT-V-0083548		Chmiel J.		CC_BY_4_0		Chmiel J.			2026-06-04T22:52:57.409Z		GEODETIC_DATUM_ASSUMED_WGS84;CONTINENT_DERIVED_FROM_COORDINATES
3476392251	84b18cce-083a-4464-bee8-25b2083a17cd		Plantae	Tracheophyta	Magnoliopsida	Sapindales	Sapindaceae	Acer	Acer negundo		SPECIES	Acer negundo L.	Acer negundo L.		PL			PRESENT		5480dea7-2a71-409b-a832-cbc5f1b5a2e6	52.504457	17.017823							2012			2012	3189866	3189866	HUMAN_OBSERVATION	AMU	NHC-BOT	NOT-V-0066003		Chwiałkowska K., Celka Z.		CC_BY_4_0		Chwiałkowska K., Celka Z.			2026-06-04T22:52:56.983Z		GEODETIC_DATUM_ASSUMED_WGS84;CONTINENT_DERIVED_FROM_COORDINATES
3476392250	84b18cce-083a-4464-bee8-25b2083a17cd		Plantae	Tracheophyta	Magnoliopsida	Sapindales	Sapindaceae	Acer	Acer negundo		SPECIES	Acer negundo L.	Acer negundo L.		PL			PRESENT		5480dea7-2a71-409b-a832-cbc5f1b5a2e6	52.504457	17.017823							2012			2012	3189866	3189866	HUMAN_OBSERVATION	AMU	NHC-BOT	NOT-V-0065996		Chwiałkowska K., Celka Z.		CC_BY_4_0		Chwiałkowska K., Celka Z.			2026-06-04T22:52:51.022Z		GEODETIC_DATUM_ASSUMED_WGS84;CONTINENT_DERIVED_FROM_COORDINATES
3476390229	84b18cce-083a-4464-bee8-25b2083a17cd		Plantae	Tracheophyta	Magnoliopsida	Sapindales	Sapindaceae	Acer	Acer negundo		SPECIES	Acer negundo L.	Acer negundo L.		PL			PRESENT		5480dea7-2a71-409b-a832-cbc5f1b5a2e6	52.504457	17.017823							2012			2012	3189866	3189866	HUMAN_OBSERVATION	AMU	NHC-BOT	NOT-V-0066000		Chwiałkowska K., Celka Z.		CC_BY_4_0		Chwiałkowska K., Celka Z.			2026-06-04T22:52:38.191Z		GEODETIC_DATUM_ASSUMED_WGS84;CONTINENT_DERIVED_FROM_COORDINATES
3476389201	84b18cce-083a-4464-bee8-25b2083a17cd		Plantae	Tracheophyta	Magnoliopsida	Sapindales	Sapindaceae	Acer	Acer negundo		SPECIES	Acer negundo L.	Acer negundo L.		PL			PRESENT		5480dea7-2a71-409b-a832-cbc5f1b5a2e6	52.504457	17.017823							2012			2012	3189866	3189866	HUMAN_OBSERVATION	AMU	NHC-BOT	NOT-V-0066004		Chwiałkowska K., Celka Z.		CC_BY_4_0		Chwiałkowska K., Celka Z.			2026-06-04T22:52:42.177Z		GEODETIC_DATUM_ASSUMED_WGS84;CONTINENT_DERIVED_FROM_COORDINATES
3476389200	84b18cce-083a-4464-bee8-25b2083a17cd		Plantae	Tracheophyta	Magnoliopsida	Sapindales	Sapindaceae	Acer	Acer negundo		SPECIES	Acer negundo L.	Acer negundo L.		PL			PRESENT		5480dea7-2a71-409b-a832-cbc5f1b5a2e6	52.504457	17.017823							2012			2012	3189866	3189866	HUMAN_OBSERVATION	AMU	NHC-BOT	NOT-V-0065997		Chwiałkowska K., Celka Z.		CC_BY_4_0		Chwiałkowska K., Celka Z.			2026-06-04T22:52:38.185Z		GEODETIC_DATUM_ASSUMED_WGS84;CONTINENT_DERIVED_FROM_COORDINATES
3476388253	84b18cce-083a-4464-bee8-25b2083a17cd		Plantae	Tracheophyta	Magnoliopsida	Sapindales	Sapindaceae	Acer	Acer negundo		SPECIES	Acer negundo L.	Acer negundo L.		PL			PRESENT		5480dea7-2a71-409b-a832-cbc5f1b5a2e6	52.504457	17.017823							2012			2012	3189866	3189866	HUMAN_OBSERVATION	AMU	NHC-BOT	NOT-V-0066001		Chwiałkowska K., Celka Z.		CC_BY_4_0		Chwiałkowska K., Celka Z.			2026-06-04T22:52:38.557Z		GEODETIC_DATUM_ASSUMED_WGS84;CONTINENT_DERIVED_FROM_COORDINATES
3476387208	84b18cce-083a-4464-bee8-25b2083a17cd		Plantae	Tracheophyta	Magnoliopsida	Sapindales	Sapindaceae	Acer	Acer negundo		SPECIES	Acer negundo L.	Acer negundo L.		PL			PRESENT		5480dea7-2a71-409b-a832-cbc5f1b5a2e6	52.504457	17.017823							2012			2012	3189866	3189866	HUMAN_OBSERVATION	AMU	NHC-BOT	NOT-V-0066002		Chwiałkowska K., Celka Z.		CC_BY_4_0		Chwiałkowska K., Celka Z.			2026-06-04T22:53:00.578Z		GEODETIC_DATUM_ASSUMED_WGS84;CONTINENT_DERIVED_FROM_COORDINATES
3476386245	84b18cce-083a-4464-bee8-25b2083a17cd		Plantae	Tracheophyta	Magnoliopsida	Sapindales	Sapindaceae	Acer	Acer negundo		SPECIES	Acer negundo L.	Acer negundo L.		PL			PRESENT		5480dea7-2a71-409b-a832-cbc5f1b5a2e6	52.504457	17.017823							2012			2012	3189866	3189866	HUMAN_OBSERVATION	AMU	NHC-BOT	NOT-V-0065998		Chwiałkowska K., Celka Z.		CC_BY_4_0		Chwiałkowska K., Celka Z.			2026-06-04T22:53:00.547Z		GEODETIC_DATUM_ASSUMED_WGS84;CONTINENT_DERIVED_FROM_COORDINATES
3476384202	84b18cce-083a-4464-bee8-25b2083a17cd		Plantae	Tracheophyta	Magnoliopsida	Sapindales	Sapindaceae	Acer	Acer negundo		SPECIES	Acer negundo L.	Acer negundo L.		PL			PRESENT		5480dea7-2a71-409b-a832-cbc5f1b5a2e6	52.504457	17.017823							2012			2012	3189866	3189866	HUMAN_OBSERVATION	AMU	NHC-BOT	NOT-V-0065999		Chwiałkowska K., Celka Z.		CC_BY_4_0		Chwiałkowska K., Celka Z.			2026-06-04T22:52:56.780Z		GEODETIC_DATUM_ASSUMED_WGS84;CONTINENT_DERIVED_FROM_COORDINATES
3476378809	84b18cce-083a-4464-bee8-25b2083a17cd		Plantae	Tracheophyta	Magnoliopsida	Sapindales	Sapindaceae	Acer	Acer negundo		SPECIES	Acer negundo L.	Acer negundo L.		PL			PRESENT		5480dea7-2a71-409b-a832-cbc5f1b5a2e6	52.330452	17.586473							1994			1994	3189866	3189866	HUMAN_OBSERVATION	AMU	NHC-BOT	NOT-V-0037506		Celka Z.		CC_BY_4_0		Celka Z.			2026-06-04T22:52:38.491Z		GEODETIC_DATUM_ASSUMED_WGS84;CONTINENT_DERIVED_FROM_COORDINATES
3476377935	84b18cce-083a-4464-bee8-25b2083a17cd		Plantae	Tracheophyta	Magnoliopsida	Sapindales	Sapindaceae	Acer	Acer negundo		SPECIES	Acer negundo L.	Acer negundo L.		PL			PRESENT		5480dea7-2a71-409b-a832-cbc5f1b5a2e6	53.06987	18.49042							1994-08-22	22	8	1994	3189866	3189866	HUMAN_OBSERVATION	AMU	NHC-BOT	NOT-V-0039823		Celka Z.		CC_BY_4_0		Celka Z.			2026-06-04T22:52:50.668Z		GEODETIC_DATUM_ASSUMED_WGS84;CONTINENT_DERIVED_FROM_COORDINATES
3476371889	84b18cce-083a-4464-bee8-25b2083a17cd		Plantae	Tracheophyta	Magnoliopsida	Sapindales	Sapindaceae	Acer	Acer negundo		SPECIES	Acer negundo L.	Acer negundo L.		PL			PRESENT		5480dea7-2a71-409b-a832-cbc5f1b5a2e6	53.06987	18.49042							1994-08-22	22	8	1994	3189866	3189866	HUMAN_OBSERVATION	AMU	NHC-BOT	NOT-V-0039860		Celka Z.		CC_BY_4_0		Celka Z.			2026-06-04T22:52:38.304Z		GEODETIC_DATUM_ASSUMED_WGS84;CONTINENT_DERIVED_FROM_COORDINATES
3476371793	84b18cce-083a-4464-bee8-25b2083a17cd		Plantae	Tracheophyta	Magnoliopsida	Sapindales	Sapindaceae	Acer	Acer negundo		SPECIES	Acer negundo L.	Acer negundo L.		PL			PRESENT		5480dea7-2a71-409b-a832-cbc5f1b5a2e6	53.06987	18.49042							1994-08-13	13	8	1994	3189866	3189866	HUMAN_OBSERVATION	AMU	NHC-BOT	NOT-V-0037925		Celka Z.		CC_BY_4_0		Celka Z.			2026-06-04T22:53:00.214Z		GEODETIC_DATUM_ASSUMED_WGS84;CONTINENT_DERIVED_FROM_COORDINATES
3476371176	84b18cce-083a-4464-bee8-25b2083a17cd		Plantae	Tracheophyta	Magnoliopsida	Sapindales	Sapindaceae	Acer	Acer negundo		SPECIES	Acer negundo L.	Acer negundo L.		PL			PRESENT		5480dea7-2a71-409b-a832-cbc5f1b5a2e6	52.330452	17.586473							1999-05-17	17	5	1999	3189866	3189866	HUMAN_OBSERVATION	AMU	NHC-BOT	NOT-V-0044595		Celka Z.		CC_BY_4_0		Celka Z.			2026-06-04T22:53:00.482Z		GEODETIC_DATUM_ASSUMED_WGS84;CONTINENT_DERIVED_FROM_COORDINATES
3476347957	84b18cce-083a-4464-bee8-25b2083a17cd		Plantae	Tracheophyta	Magnoliopsida	Sapindales	Sapindaceae	Acer	Acer negundo		SPECIES	Acer negundo L.	Acer negundo L.		PL			PRESENT		5480dea7-2a71-409b-a832-cbc5f1b5a2e6	53.06987	18.49042							2013			2013	3189866	3189866	HUMAN_OBSERVATION	AMU	NHC-BOT	NOT-V-0000018		Chmiel J.		CC_BY_4_0		Chmiel J.			2026-06-04T22:52:50.750Z		GEODETIC_DATUM_ASSUMED_WGS84;CONTINENT_DERIVED_FROM_COORDINATES
3476345923	84b18cce-083a-4464-bee8-25b2083a17cd		Plantae	Tracheophyta	Magnoliopsida	Sapindales	Sapindaceae	Acer	Acer negundo		SPECIES	Acer negundo L.	Acer negundo L.		PL			PRESENT		5480dea7-2a71-409b-a832-cbc5f1b5a2e6	53.06987	18.49042							2005			2005	3189866	3189866	HUMAN_OBSERVATION	AMU	NHC-BOT	NOT-V-0000010		Chmiel J.		CC_BY_4_0		Chmiel J.			2026-06-04T22:52:57.543Z		GEODETIC_DATUM_ASSUMED_WGS84;CONTINENT_DERIVED_FROM_COORDINATES
3476342945	84b18cce-083a-4464-bee8-25b2083a17cd		Plantae	Tracheophyta	Magnoliopsida	Sapindales	Sapindaceae	Acer	Acer negundo		SPECIES	Acer negundo L.	Acer negundo L.		PL			PRESENT		5480dea7-2a71-409b-a832-cbc5f1b5a2e6	53.06987	18.49042							2011			2011	3189866	3189866	HUMAN_OBSERVATION	AMU	NHC-BOT	NOT-V-0000014		Chmiel J.		CC_BY_4_0		Chmiel J.			2026-06-04T22:52:50.937Z		GEODETIC_DATUM_ASSUMED_WGS84;CONTINENT_DERIVED_FROM_COORDINATES
3476341905	84b18cce-083a-4464-bee8-25b2083a17cd		Plantae	Tracheophyta	Magnoliopsida	Sapindales	Sapindaceae	Acer	Acer negundo		SPECIES	Acer negundo L.	Acer negundo L.		PL			PRESENT		5480dea7-2a71-409b-a832-cbc5f1b5a2e6	53.06987	18.49042							2013			2013	3189866	3189866	HUMAN_OBSERVATION	AMU	NHC-BOT	NOT-V-0000011		Chmiel J.		CC_BY_4_0		Chmiel J.			2026-06-04T22:52:37.921Z		GEODETIC_DATUM_ASSUMED_WGS84;CONTINENT_DERIVED_FROM_COORDINATES
3476340905	84b18cce-083a-4464-bee8-25b2083a17cd		Plantae	Tracheophyta	Magnoliopsida	Sapindales	Sapindaceae	Acer	Acer negundo		SPECIES	Acer negundo L.	Acer negundo L.		PL			PRESENT		5480dea7-2a71-409b-a832-cbc5f1b5a2e6	53.06987	18.49042							2013			2013	3189866	3189866	HUMAN_OBSERVATION	AMU	NHC-BOT	NOT-V-0000015		Chmiel J.		CC_BY_4_0		Chmiel J.			2026-06-04T22:52:42.228Z		GEODETIC_DATUM_ASSUMED_WGS84;CONTINENT_DERIVED_FROM_COORDINATES
3476339896	84b18cce-083a-4464-bee8-25b2083a17cd		Plantae	Tracheophyta	Magnoliopsida	Sapindales	Sapindaceae	Acer	Acer negundo		SPECIES	Acer negundo L.	Acer negundo L.		PL			PRESENT		5480dea7-2a71-409b-a832-cbc5f1b5a2e6	53.06987	18.49042							2013			2013	3189866	3189866	HUMAN_OBSERVATION	AMU	NHC-BOT	NOT-V-0000013		Chmiel J.		CC_BY_4_0		Chmiel J.			2026-06-04T22:52:50.924Z		GEODETIC_DATUM_ASSUMED_WGS84;CONTINENT_DERIVED_FROM_COORDINATES
3476338935	84b18cce-083a-4464-bee8-25b2083a17cd		Plantae	Tracheophyta	Magnoliopsida	Sapindales	Sapindaceae	Acer	Acer negundo		SPECIES	Acer negundo L.	Acer negundo L.		PL			PRESENT		5480dea7-2a71-409b-a832-cbc5f1b5a2e6	53.06987	18.49042							2013			2013	3189866	3189866	HUMAN_OBSERVATION	AMU	NHC-BOT	NOT-V-0000012		Chmiel J.		CC_BY_4_0		Chmiel J.			2026-06-04T22:52:59.922Z		GEODETIC_DATUM_ASSUMED_WGS84;CONTINENT_DERIVED_FROM_COORDINATES
3476337952	84b18cce-083a-4464-bee8-25b2083a17cd		Plantae	Tracheophyta	Magnoliopsida	Sapindales	Sapindaceae	Acer	Acer negundo		SPECIES	Acer negundo L.	Acer negundo L.		PL			PRESENT		5480dea7-2a71-409b-a832-cbc5f1b5a2e6	53.06987	18.49042							2014			2014	3189866	3189866	HUMAN_OBSERVATION	AMU	NHC-BOT	NOT-V-0000016		Chmiel J.		CC_BY_4_0		Chmiel J.			2026-06-04T22:52:41.843Z		GEODETIC_DATUM_ASSUMED_WGS84;CONTINENT_DERIVED_FROM_COORDINATES
3476335950	84b18cce-083a-4464-bee8-25b2083a17cd		Plantae	Tracheophyta	Magnoliopsida	Sapindales	Sapindaceae	Acer	Acer negundo		SPECIES	Acer negundo L.	Acer negundo L.		PL			PRESENT		5480dea7-2a71-409b-a832-cbc5f1b5a2e6	53.06987	18.49042							2014			2014	3189866	3189866	HUMAN_OBSERVATION	AMU	NHC-BOT	NOT-V-0000019		Chmiel J.		CC_BY_4_0		Chmiel J.			2026-06-04T22:52:57.676Z		GEODETIC_DATUM_ASSUMED_WGS84;CONTINENT_DERIVED_FROM_COORDINATES
3476334923	84b18cce-083a-4464-bee8-25b2083a17cd		Plantae	Tracheophyta	Magnoliopsida	Sapindales	Sapindaceae	Acer	Acer negundo		SPECIES	Acer negundo L.	Acer negundo L.		PL			PRESENT		5480dea7-2a71-409b-a832-cbc5f1b5a2e6	53.06987	18.49042							2014			2014	3189866	3189866	HUMAN_OBSERVATION	AMU	NHC-BOT	NOT-V-0000017		Chmiel J.		CC_BY_4_0		Chmiel J.			2026-06-04T22:52:38.354Z		GEODETIC_DATUM_ASSUMED_WGS84;CONTINENT_DERIVED_FROM_COORDINATES
